"","X","jj","date","tmp","rain","humidity","insolation","market","volume","trade_price","year","month","area","output","total_indices","indices","X5humidity","X10humidity","y"
"1",11,105,2019-01-11,3.1,0,49.1,10.16,1,10.2,3.16,2019,1,6491,367755,98.884,49.833,69,3,310
"2",14,105,2019-01-14,5.5,0,37.6,9.26,1,10.88,3.19,2019,1,6491,367755,98.884,49.833,74,3,293.529411764706
"3",18,105,2019-01-18,4.4,0,24,11.44,1,10.16,2.93,2019,1,6491,367755,98.884,49.833,50,3,288.188976377953
"4",24,105,2019-01-24,2.7,0,35.8,12.12,1,10.02,3.06,2019,1,6491,367755,98.884,49.833,45,3,305.708582834331
"5",52,105,2019-02-21,5.3,0,51.6,16.6,1,9.96,2.79,2019,2,6491,367755,99.311,47.878,77,8,280
"6",54,105,2019-02-23,4.9,0.2,56,11.41,1,10.78,3.13,2019,2,6491,367755,99.311,47.878,65,12,290
"7",57,105,2019-02-26,6,0,47.8,17.52,1,10.5,2.94,2019,2,6491,367755,99.311,47.878,59,11,280
"8",65,105,2019-03-06,9.5,6,56,8.46,1,10.37,2.8,2019,3,6491,367755,99.121,44.88,67,11,270
"9",71,105,2019-03-12,6.6,0.5,48,15.93,1,10.69,2.67,2019,3,6491,367755,99.121,44.88,67,9,250
"10",73,105,2019-03-14,6.3,0,27.3,20.8,1,10.42,2.81,2019,3,6491,367755,99.121,44.88,57,7,270
"11",79,105,2019-03-20,16.9,9.5,44.9,8.82,1,10.37,3.01,2019,3,6491,367755,99.121,44.88,85,9,290
"12",91,105,2019-04-01,5.6,0,32.4,18.87,1,9.77,1.76,2019,4,6491,367755,99.481,44.211,52,11,180
"13",92,105,2019-04-02,7.2,0,35.8,20.15,1,10.31,2.58,2019,4,6491,367755,99.481,44.211,47,11,250
"14",94,105,2019-04-04,14.2,0,18.8,25.47,1,10.23,2.66,2019,4,6491,367755,99.481,44.211,43,9,260
"15",96,105,2019-04-06,11.6,2.5,39.8,10.38,1,10.36,2.9,2019,4,6491,367755,99.481,44.211,55,8,280
"16",98,105,2019-04-08,9.7,0,38.5,25.85,1,10.37,2.9,2019,4,6491,367755,99.481,44.211,36,13,280
"17",100,105,2019-04-10,4.8,22,89.6,5.72,1,10.29,2.98,2019,4,6491,367755,99.481,44.211,86,16,290
"18",102,105,2019-04-12,12.2,0,47.3,24.88,1,10.67,3.09,2019,4,6491,367755,99.481,44.211,54,14,290
"19",105,105,2019-04-15,14.2,0,27.1,25.66,1,10.39,2.6,2019,4,6491,367755,99.481,44.211,53,12,250
"20",108,105,2019-04-18,18.1,0,44.1,15.54,1,10.27,2.98,2019,4,6491,367755,99.481,44.211,75,8,290
"21",110,105,2019-04-20,14.2,0,57.4,26.49,1,10.37,2.8,2019,4,6491,367755,99.481,44.211,71,7,270
"22",120,105,2019-04-30,13,0,77.3,21.76,1,10.47,2.93,2019,4,6491,367755,99.481,44.211,67,12,280
"23",122,105,2019-05-02,19.3,0,41.4,28.54,1,10.61,2.65,2019,5,6491,367755,99.652,45.237,47,8,250
"24",124,105,2019-05-04,17.3,0,67.6,25.41,1,10.57,2.85,2019,5,6491,367755,99.652,45.237,53,5,270
"25",126,105,2019-05-06,12.2,2,45.3,23.79,1,10.38,2.7,2019,5,6491,367755,99.652,45.237,36,4,260
"26",128,105,2019-05-08,20.7,0,24.3,26.92,1,10.27,2.67,2019,5,6491,367755,99.652,45.237,45,3,260
"27",130,105,2019-05-10,21.3,0,31.5,27.59,1,10.31,2.58,2019,5,6491,367755,99.652,45.237,50,2,250
"28",133,105,2019-05-13,16.2,0,75.6,15.1,1,10.21,2.55,2019,5,6491,367755,99.652,45.237,68,2,250
"29",140,105,2019-05-20,20.1,0,44.5,16.62,1,10.29,2.98,2019,5,6491,367755,99.652,45.237,67,14,290
"30",143,105,2019-05-23,26.1,0,24.6,30.57,1,10.21,2.86,2019,5,6491,367755,99.652,45.237,58,6,280
"31",144,105,2019-05-24,29,0,26.4,29.79,1,10.31,2.89,2019,5,6491,367755,99.652,45.237,64,5,280
"32",148,105,2019-05-28,21.2,0,30.3,26,1,10.26,2.87,2019,5,6491,367755,99.652,45.237,59,13,280
"33",163,105,2019-06-12,17.6,0,73.3,30.84,1,10.27,4.62,2019,6,6491,367755,99.491,54.542,70,12,450
"34",164,105,2019-06-13,22.9,0,60,30.27,1,10.17,4.37,2019,6,6491,367755,99.491,54.542,67,9,430
"35",166,105,2019-06-15,18.3,20.5,82.9,17.59,1,10.21,4.49,2019,6,6491,367755,99.491,54.542,83,6,440
"36",170,105,2019-06-19,24.8,1.5,61,23.95,1,10.1,5.56,2019,6,6491,367755,99.491,54.542,93,20,550
"37",178,105,2019-06-27,23.4,2.5,82.5,26.04,1,0.06,0.03,2019,6,6491,367755,99.491,54.542,75,8,491.666666666667
"38",183,105,2019-07-02,25.4,0,51.4,29.31,1,0.8,0.24,2019,7,6491,367755,99.187,68.682,68,6,300
"39",184,105,2019-07-03,26,0,53.9,25.1,1,0.06,0.02,2019,7,6491,367755,99.187,68.682,71,5,416.666666666667
"40",185,105,2019-07-04,26.9,0,47.6,29.8,1,10.21,4.9,2019,7,6491,367755,99.187,68.682,64,4,480
"41",187,105,2019-07-06,24.5,0.2,74.6,27.12,1,0.14,0.1,2019,7,6491,367755,99.187,68.682,64,2,710.714285714286
"42",189,105,2019-07-08,20.9,5,82.1,10.22,1,10.78,5.29,2019,7,6491,367755,99.187,68.682,71,2,490.608760207869
"43",190,105,2019-07-08,20.9,5,82.1,10.22,1,0.2,0.12,2019,7,6491,367755,99.187,68.682,71,2,600
"44",191,105,2019-07-09,20.9,2.5,78.9,15.68,1,0.12,0.08,2019,7,6491,367755,99.187,68.682,69,2,700
"45",193,105,2019-07-11,19.8,100.5,95.6,5.24,1,10.17,4.98,2019,7,6491,367755,99.187,68.682,83,14,490
"46",198,105,2019-07-16,22.4,1.5,88.1,11.29,1,10.17,4.78,2019,7,6491,367755,99.187,68.682,87,24,470
"47",199,105,2019-07-17,24.2,0,80.3,16.45,1,0.27,0.07,2019,7,6491,367755,99.187,68.682,86,19,250
"48",200,105,2019-07-17,24.2,0,80.3,16.45,1,0.06,0.03,2019,7,6491,367755,99.187,68.682,86,19,483.333333333333
"49",201,105,2019-07-18,27.1,0,67.1,24.32,1,0.1,0.04,2019,7,6491,367755,99.187,68.682,77,17,400
"50",202,105,2019-07-19,25.8,3,78.8,22.11,1,9.71,2.62,2019,7,6491,367755,99.187,68.682,75,13,269.804325437693
"51",203,105,2019-07-19,25.8,3,78.8,22.11,1,0.32,0.16,2019,7,6491,367755,99.187,68.682,75,13,500
"52",207,105,2019-07-23,31.2,0,54,24.46,1,10.18,5.09,2019,7,6491,367755,99.187,68.682,86,17,500
"53",209,105,2019-07-25,30.5,1.5,65.4,17.69,1,10.12,4.55,2019,7,6491,367755,99.187,68.682,98,17,450
"54",210,105,2019-07-26,25.9,13.5,91.6,5.1,1,1.87,0.19,2019,7,6491,367755,99.187,68.682,99,30,100
"55",220,105,2019-08-05,28.5,0,75,26.55,1,0.5,0.18,2019,8,6491,367755,99.425,75.347,73,9,350
"56",221,105,2019-08-06,26.5,2.5,79.3,17.04,1,0.5,0.22,2019,8,6491,367755,99.425,75.347,69,7,450
"57",222,105,2019-08-07,26.9,58,79.1,8.76,1,10.57,6.07,2019,8,6491,367755,99.425,75.347,99,25,574.34247871334
"58",224,105,2019-08-09,30.2,0,64,27.34,1,10.21,6.13,2019,8,6491,367755,99.425,75.347,87,18,600
"59",225,105,2019-08-10,27.3,0,81,14.13,1,0.36,0.23,2019,8,6491,367755,99.425,75.347,76,15,636.111111111111
"60",229,105,2019-08-14,25.6,0.3,89.9,5.62,1,11.9,7.07,2019,8,6491,367755,99.425,75.347,79,21,594.024205748865
"61",231,105,2019-08-16,27,4.5,71.1,26.67,1,10.21,5.92,2019,8,6491,367755,99.425,75.347,93,23,580
"62",236,105,2019-08-21,25.7,0.2,75.8,19.57,1,10.52,5.95,2019,8,6491,367755,99.425,75.347,90,11,565.63390990306
"63",238,105,2019-08-23,26.6,0,51.1,21.26,1,10.19,6.11,2019,8,6491,367755,99.425,75.347,78,8,600
"64",242,105,2019-08-27,23.8,0.5,74.6,13.61,1,0.53,0.32,2019,8,6491,367755,99.425,75.347,85,5,605.660377358491
"65",243,105,2019-08-28,25.1,0,70.3,18.95,1,0.16,0.12,2019,8,6491,367755,99.425,75.347,82,4,756.25
"66",244,105,2019-08-29,25.2,0,58,12.38,1,0.63,0.53,2019,8,6491,367755,99.425,75.347,95,4,847.619047619048
"67",245,105,2019-08-30,25.3,0,48.9,23.62,1,0.57,0.5,2019,8,6491,367755,99.425,75.347,80,13,879.401408450704
"68",246,105,2019-08-31,24.5,0,57.5,22.02,1,1.2,0.81,2019,8,6491,367755,99.425,75.347,81,11,677.083333333333
"69",248,105,2019-09-02,24.1,0,63.3,18.42,1,0.94,0.73,2019,9,6491,367755,99.794,107.702,81,7,778.723404255319
"70",249,105,2019-09-02,24.1,0,63.3,18.42,1,0.74,0.67,2019,9,6491,367755,99.794,107.702,81,7,904.054054054054
"71",250,105,2019-09-03,20.7,23.5,87.9,3.31,1,1.18,1.06,2019,9,6491,367755,99.794,107.702,87,6,898.728813559322
"72",251,105,2019-09-03,20.7,23.5,87.9,3.31,1,0.48,0.56,2019,9,6491,367755,99.794,107.702,87,6,1158.33333333333
"73",252,105,2019-09-04,22,25.5,95.6,5.45,1,1.48,1.39,2019,9,6491,367755,99.794,107.702,99,19,939.864864864865
"74",253,105,2019-09-05,23.6,23.5,93.4,6.27,1,0.5,0.55,2019,9,6491,367755,99.794,107.702,98,21,1083.33333333333
"75",254,105,2019-09-05,23.6,23.5,93.4,6.27,1,0.43,0.48,2019,9,6491,367755,99.794,107.702,98,21,1111.62790697674
"76",255,105,2019-09-06,24.1,1,90.1,11.87,1,2.08,2.19,2019,9,6491,367755,99.794,107.702,91,21,1053.84615384615
"77",256,105,2019-09-06,24.1,1,90.1,11.87,1,0.94,1.13,2019,9,6491,367755,99.794,107.702,91,21,1204.25531914894
"78",257,105,2019-09-07,27.3,2,72.6,12.01,1,12.33,11.83,2019,9,6491,367755,99.794,107.702,78,19,959.837793998378
"79",258,105,2019-09-07,27.3,2,72.6,12.01,1,1.5,2.02,2019,9,6491,367755,99.794,107.702,78,19,1341.75531914894
"80",260,105,2019-09-09,25.8,0.1,72,9.85,1,1.85,2.12,2019,9,6491,367755,99.794,107.702,92,18,1147.02702702703
"81",261,105,2019-09-09,25.8,0.1,72,9.85,1,0.43,0.4,2019,9,6491,367755,99.794,107.702,92,18,916.666666666667
"82",262,105,2019-09-10,22.5,1.5,87.5,7.13,1,1.02,1.2,2019,9,6491,367755,99.794,107.702,97,24,1171.875
"83",263,105,2019-09-11,20.1,41.5,95.9,3.75,1,10.19,10.7,2019,9,6491,367755,99.794,107.702,82,23,1050
"84",264,105,2019-09-11,20.1,41.5,95.9,3.75,1,2.44,1.84,2019,9,6491,367755,99.794,107.702,82,23,753.483606557377
"85",265,105,2019-09-12,19.9,0.2,79.9,9.38,1,10.31,9.79,2019,9,6491,367755,99.794,107.702,71,20,950
"86",266,105,2019-09-12,19.9,0.2,79.9,9.38,1,1.53,0.59,2019,9,6491,367755,99.794,107.702,71,20,388.089005235602
"87",271,105,2019-09-17,20.6,0,73,21.01,1,0.6,0.39,2019,9,6491,367755,99.794,107.702,76,10,653.654485049834
"88",272,105,2019-09-17,20.6,0,73,21.01,1,0.48,0.26,2019,9,6491,367755,99.794,107.702,76,10,539.583333333333
"89",273,105,2019-09-18,21.1,0,64.3,17.35,1,0.75,0.78,2019,9,6491,367755,99.794,107.702,71,8,1034.57446808511
"90",274,105,2019-09-18,21.1,0,64.3,17.35,1,0.29,0.31,2019,9,6491,367755,99.794,107.702,71,8,1083.33333333333
"91",275,105,2019-09-19,19.7,0,69.3,19.79,1,1.56,0.89,2019,9,6491,367755,99.794,107.702,75,7,570.051413881748
"92",276,105,2019-09-19,19.7,0,69.3,19.79,1,0.98,0.54,2019,9,6491,367755,99.794,107.702,75,7,553.061224489796
"93",277,105,2019-09-19,19.7,0,69.3,19.79,1,0.29,0.24,2019,9,6491,367755,99.794,107.702,75,7,833.333333333333
"94",278,105,2019-09-20,19.5,0,65.6,11.23,1,10.71,9.1,2019,9,6491,367755,99.794,107.702,80,6,850
"95",279,105,2019-09-20,19.5,0,65.6,11.23,1,0.5,0.44,2019,9,6491,367755,99.794,107.702,80,6,877
"96",280,105,2019-09-20,19.5,0,65.6,11.23,1,0.29,0.31,2019,9,6491,367755,99.794,107.702,80,6,1062.5
"97",281,105,2019-09-21,17.6,15,83,3.36,1,0.47,0.51,2019,9,6491,367755,99.794,107.702,88,6,1079.44915254237
"98",283,105,2019-09-23,16.5,6.5,78.4,6.3,1,0.4,0.35,2019,9,6491,367755,99.794,107.702,66,14,865
"99",284,105,2019-09-24,19.3,0,60.5,21.8,1,0.27,0.27,2019,9,6491,367755,99.794,107.702,88,12,985.294117647059
"100",285,105,2019-09-25,19.7,0,73,17.7,1,0.86,0.97,2019,9,6491,367755,99.794,107.702,90,10,1129.6511627907
"101",286,105,2019-09-26,20.4,0,72,14.31,1,0.71,0.95,2019,9,6491,367755,99.794,107.702,88,9,1335.67415730337
"102",287,105,2019-09-27,20.3,0,72.5,11.93,1,1.27,1.68,2019,9,6491,367755,99.794,107.702,86,8,1328.07570977918
"103",288,105,2019-09-28,21.4,0,82,15.69,1,1.16,1.16,2019,9,6491,367755,99.794,107.702,87,7,1003.44827586207
"104",290,105,2019-09-30,22.3,0,67.1,19.89,1,0.95,1.19,2019,9,6491,367755,99.794,107.702,83,6,1251.57894736842
"105",291,105,2019-10-01,21.5,0,83.1,11.1,1,1.43,1.62,2019,10,6491,367755,100.041,132.474,89,5,1130.76923076923
"106",292,105,2019-10-02,21.2,61,93.5,2.67,1,2.42,2.73,2019,10,6491,367755,100.041,132.474,99,5,1128.09917355372
"107",293,105,2019-10-02,21.2,61,93.5,2.67,1,0.19,0.21,2019,10,6491,367755,100.041,132.474,99,5,1100
"108",294,105,2019-10-03,20.3,310,84.4,3.46,1,2.39,2.64,2019,10,6491,367755,100.041,132.474,93,23,1106.27615062761
"109",295,105,2019-10-04,19.9,0,82.5,8.14,1,2.9,3.89,2019,10,6491,367755,100.041,132.474,90,20,1340
"110",298,105,2019-10-07,16.1,0,77.6,6.6,1,0.4,0.59,2019,10,6491,367755,100.041,132.474,99,19,1475
"111",299,105,2019-10-07,16.1,0,77.6,6.6,1,0.36,0.48,2019,10,6491,367755,100.041,132.474,99,19,1333.33333333333
"112",300,105,2019-10-08,17.1,0,51.3,18.57,1,10.03,9.03,2019,10,6491,367755,100.041,132.474,73,21,900
"113",301,105,2019-10-08,17.1,0,51.3,18.57,1,0.53,0.7,2019,10,6491,367755,100.041,132.474,73,21,1313.20754716981
"114",304,105,2019-10-10,17.7,0,52,9.24,1,1.07,1.23,2019,10,6491,367755,100.041,132.474,91,17,1149.06542056075
"115",305,105,2019-10-10,17.7,0,52,9.24,1,0.2,0.34,2019,10,6491,367755,100.041,132.474,91,17,1700
"116",306,105,2019-10-10,17.7,0,52,9.24,1,0.1,0.12,2019,10,6491,367755,100.041,132.474,91,17,1200
"117",307,105,2019-10-11,18.4,0.2,64.4,14.57,1,0.3,0.36,2019,10,6491,367755,100.041,132.474,73,17,1200
"118",308,105,2019-10-11,18.4,0.2,64.4,14.57,1,0.2,0.32,2019,10,6491,367755,100.041,132.474,73,17,1600
"119",309,105,2019-10-12,18.6,0,58.4,10.18,1,1.4,1.38,2019,10,6491,367755,100.041,132.474,58,15,982.142857142857
"120",310,105,2019-10-12,18.6,0,58.4,10.18,1,1.11,1.04,2019,10,6491,367755,100.041,132.474,58,15,936.936936936937
"121",312,105,2019-10-14,15.1,92,75.3,10.27,1,1.44,1.5,2019,10,6491,367755,100.041,132.474,79,13,1043.75
"122",313,105,2019-10-14,15.1,92,75.3,10.27,1,0.81,1,2019,10,6491,367755,100.041,132.474,79,13,1237.03703703704
"123",314,105,2019-10-15,11.9,8,85.4,7.85,1,10.11,7.18,2019,10,6491,367755,100.041,132.474,61,12,710
"124",315,105,2019-10-15,11.9,8,85.4,7.85,1,0.49,0.59,2019,10,6491,367755,100.041,132.474,61,12,1200
"125",316,105,2019-10-16,15.4,0,62.5,17.03,1,10.07,9.06,2019,10,6491,367755,100.041,132.474,83,11,900
"126",317,105,2019-10-16,15.4,0,62.5,17.03,1,1.34,1.68,2019,10,6491,367755,100.041,132.474,83,11,1254.4776119403
"127",318,105,2019-10-17,15.5,0,63.8,10.09,1,0.54,0.58,2019,10,6491,367755,100.041,132.474,75,10,1074.07407407407
"128",319,105,2019-10-18,15.1,1.5,85,2.08,1,0.64,0.7,2019,10,6491,367755,100.041,132.474,77,10,1093.75
"129",320,105,2019-10-18,15.1,1.5,85,2.08,1,0.35,0.48,2019,10,6491,367755,100.041,132.474,77,10,1371.42857142857
"130",321,105,2019-10-19,16.5,0,76,13.21,1,0.12,0.16,2019,10,6491,367755,100.041,132.474,76,9,1300
"131",323,105,2019-10-21,17,0,65.5,15.91,1,0.8,1.1,2019,10,6491,367755,100.041,132.474,77,8,1375
"132",324,105,2019-10-21,17,0,65.5,15.91,1,0.32,0.31,2019,10,6491,367755,100.041,132.474,77,8,962.5
"133",325,105,2019-10-22,16.2,0,73.4,12.68,1,0.52,0.63,2019,10,6491,367755,100.041,132.474,76,8,1205.76923076923
"134",326,105,2019-10-23,16.4,0.2,75.9,7.59,1,1.4,2.08,2019,10,6491,367755,100.041,132.474,75,8,1484.64285714286
"135",327,105,2019-10-24,17.2,1,72.6,7.81,1,1.37,1.69,2019,10,6491,367755,100.041,132.474,70,7,1230.65693430657
"136",328,105,2019-10-25,16.1,4.5,74,5.88,1,1.04,1.29,2019,10,6491,367755,100.041,132.474,70,7,1241.82692307692
"137",329,105,2019-10-26,14.4,0,49.5,14.91,1,0.25,0.18,2019,10,6491,367755,100.041,132.474,72,7,720
"138",331,105,2019-10-28,14.2,0,51.8,14.81,1,0.63,0.6,2019,10,6491,367755,100.041,132.474,78,6,944.444444444444
"139",332,105,2019-10-29,15.8,0,42.8,14.91,1,0.47,0.37,2019,10,6491,367755,100.041,132.474,71,9,782.978723404255
"140",333,105,2019-10-30,15.2,0,38.8,15.65,1,0.44,0.49,2019,10,6491,367755,100.041,132.474,72,8,1104.54545454545
"141",334,105,2019-10-31,18.1,0,42.9,14.39,1,0.48,0.37,2019,10,6491,367755,100.041,132.474,84,8,770.833333333333
"142",336,105,2019-11-02,16.4,0,57.6,9.79,1,1.14,0.68,2019,11,6491,367755,99.481,92.649,85,7,600
"143",339,105,2019-11-05,15.4,0,47.8,14.36,1,0.4,0.45,2019,11,6491,367755,99.481,92.649,77,6,1135
"144",340,105,2019-11-06,14.5,0,52.8,12.82,1,2.2,2.14,2019,11,6491,367755,99.481,92.649,79,6,970.454545454545
"145",341,105,2019-11-07,12.3,0,57.5,11.01,1,1.1,0.8,2019,11,6491,367755,99.481,92.649,62,6,727.272727272727
"146",342,105,2019-11-08,11.1,0,51,13.19,1,1.34,1.09,2019,11,6491,367755,99.481,92.649,62,6,813.432835820895
"147",343,105,2019-11-09,9.5,1.5,66.5,4.39,1,0.72,0.43,2019,11,6491,367755,99.481,92.649,64,6,595.833333333333
"148",345,105,2019-11-11,13.6,0,50.8,12.6,1,10.11,7.89,2019,11,6491,367755,99.481,92.649,82,7,780
"149",346,105,2019-11-11,13.6,0,50.8,12.6,1,0.43,0.28,2019,11,6491,367755,99.481,92.649,82,7,641.860465116279
"150",349,105,2019-11-14,4.6,0,19.1,14.03,1,0.94,0.79,2019,11,6491,367755,99.481,92.649,35,14,840.085287846482
"151",350,105,2019-11-15,8.7,0.5,61.1,2.05,1,10.11,7.89,2019,11,6491,367755,99.481,92.649,85,14,780
"152",351,105,2019-11-15,8.7,0.5,61.1,2.05,1,0.12,0.1,2019,11,6491,367755,99.481,92.649,85,14,833.333333333333
"153",352,105,2019-11-16,10.9,0,55.3,12.1,1,1.74,1.4,2019,11,6491,367755,99.481,92.649,87,17,808.933717579251
"154",354,105,2019-11-18,9.3,8.5,43.4,9.13,1,0.72,0.79,2019,11,6491,367755,99.481,92.649,60,22,1100
"155",355,105,2019-11-19,3.3,0,33.3,13.02,1,2.05,1.66,2019,11,6491,367755,99.481,92.649,48,19,807.692307692308
"156",357,105,2019-11-21,7.1,0,40.6,9.42,1,10.35,8.32,2019,11,6491,367755,99.481,92.649,66,15,803.478260869565
"157",363,105,2019-11-27,8.2,17,61.4,9.14,1,3.38,1.34,2019,11,6491,367755,99.481,92.649,67,16,395.029585798817
"158",386,105,2019-12-20,2.6,0,39,10.51,1,10.31,9.28,2019,12,6491,367755,99.719,83.616,52,15,900
"159",406,105,2020-01-09,3.9,0,50.6,10.59,1,9.98,8.48,2020,1,6835,384800,100.09,88.32,77,21,850
"160",413,105,2020-01-16,2,0,36.1,10.92,1,10.15,8.32,2020,1,6835,384800,100.09,88.32,66,4,820
"161",439,105,2020-02-11,8.1,0,43.6,14.23,1,10.09,8.27,2020,2,6835,384800,100.16,86.45,60,7,820
"162",447,105,2020-02-19,4.7,0,41.6,15.91,1,10.21,7.15,2020,2,6835,384800,100.16,86.45,70,9,700
"163",492,105,2020-04-04,8.7,0,40.3,11.91,1,10.11,6.57,2020,4,6835,384800,99.5,84.61,43,4,650
"164",503,105,2020-04-15,13.9,0,53.9,22.01,1,10.07,6.04,2020,4,6835,384800,99.5,84.61,41,2,600
"165",509,105,2020-04-21,9.5,0,38,23.52,1,10.21,7.66,2020,4,6835,384800,99.5,84.61,47,12,750
"166",527,105,2020-05-09,15.2,26.7,93.5,6.02,1,10.1,8.08,2020,5,6835,384800,99.44,90.99,98,21,800
"167",571,105,2020-06-22,26.6,0,59.1,28.44,1,0.16,0.1,2020,6,6835,384800,99.71,86.28,54,2,600
"168",578,105,2020-06-29,22.2,2.2,85.4,9.26,1,0.6,0.52,2020,6,6835,384800,99.71,86.28,83,15,872.5
"169",583,105,2020-07-04,21.8,0.5,73.3,26.75,1,0.1,0.1,2020,7,6835,384800,99.63,92.97,56,12,1000
"170",589,105,2020-07-10,22,22.5,94.5,5.07,1,0.11,0.07,2020,7,6835,384800,99.63,92.97,85,5,625
"171",590,105,2020-07-11,20,8.2,92.4,5.1,1,0.18,0.11,2020,7,6835,384800,99.63,92.97,68,8,625
"172",592,105,2020-07-13,18.5,49,96.4,3.73,1,0.22,0.15,2020,7,6835,384800,99.63,92.97,82,17,687.5
"173",594,105,2020-07-15,19.1,0,83.9,12.29,1,0.15,0.18,2020,7,6835,384800,99.63,92.97,77,17,1166.66666666667
"174",596,105,2020-07-17,22.3,0,76.4,28.39,1,0.54,0.59,2020,7,6835,384800,99.63,92.97,83,13,1083.33333333333
"175",597,105,2020-07-18,21.6,0,80.3,21.52,1,0.47,0.47,2020,7,6835,384800,99.63,92.97,78,11,1000
"176",599,105,2020-07-20,28,0,67.5,6.75,1,1.21,1.09,2020,7,6835,384800,99.63,92.97,95,18,898.514851485149
"177",600,105,2020-07-21,27.1,0,64.1,26.8,1,1.18,0.88,2020,7,6835,384800,99.63,92.97,76,17,750
"178",603,105,2020-07-24,20.5,121.8,98.8,3.31,1,1.12,0.93,2020,7,6835,384800,99.63,92.97,80,22,833.333333333333
"179",608,105,2020-07-29,21.8,19.4,94.6,5.57,1,0.4,0.43,2020,7,6835,384800,99.63,92.97,99,24,1062.5
"180",609,105,2020-07-30,22.9,9.7,90.4,9.27,1,0.6,0.75,2020,7,6835,384800,99.63,92.97,90,20,1250
"181",613,105,2020-08-03,27.2,10.3,70.9,1.96,1,0.18,0.24,2020,8,6835,384800,100.19,128.16,99,38,1312.5
"182",614,105,2020-08-04,25.6,4.7,83.5,6.04,1,0.44,0.5,2020,8,6835,384800,100.19,128.16,99,26,1125
"183",615,105,2020-08-04,25.6,4.7,83.5,6.04,1,0.06,0.12,2020,8,6835,384800,100.19,128.16,99,26,2000
"184",616,105,2020-08-05,22.7,7.9,94.9,2.73,1,0.06,0.12,2020,8,6835,384800,100.19,128.16,99,27,2000
"185",617,105,2020-08-05,22.7,7.9,94.9,2.73,1,0.08,0.1,2020,8,6835,384800,100.19,128.16,99,27,1300
"186",618,105,2020-08-06,24.1,5.8,88.5,4.21,1,0.22,0.36,2020,8,6835,384800,100.19,128.16,97,27,1657.40740740741
"187",619,105,2020-08-07,25.7,0.3,76.5,6.84,1,0.53,0.77,2020,8,6835,384800,100.19,128.16,96,23,1443.39622641509
"188",620,105,2020-08-07,25.7,0.3,76.5,6.84,1,0.19,0.35,2020,8,6835,384800,100.19,128.16,96,23,1833.33333333333
"189",621,105,2020-08-08,21.9,8.4,93.8,3.7,1,0.58,0.77,2020,8,6835,384800,100.19,128.16,84,21,1328.125
"190",623,105,2020-08-10,25,9.5,91.5,7.4,1,0.68,0.94,2020,8,6835,384800,100.19,128.16,99,24,1387.5
"191",624,105,2020-08-10,25,9.5,91.5,7.4,1,0.3,0.69,2020,8,6835,384800,100.19,128.16,99,24,2303.33333333333
"192",625,105,2020-08-11,25.6,17.5,82.8,8.42,1,0.79,1.18,2020,8,6835,384800,100.19,128.16,98,27,1490.5303030303
"193",626,105,2020-08-11,25.6,17.5,82.8,8.42,1,0.42,0.82,2020,8,6835,384800,100.19,128.16,98,27,1958.33333333333
"194",627,105,2020-08-12,30.4,0,63.6,21.54,1,1.18,1.54,2020,8,6835,384800,100.19,128.16,87,22,1305.69727891157
"195",628,105,2020-08-12,30.4,0,63.6,21.54,1,0.18,0.32,2020,8,6835,384800,100.19,128.16,87,22,1750
"196",629,105,2020-08-13,31,0,63.4,21.92,1,0.93,1.08,2020,8,6835,384800,100.19,128.16,94,20,1158.40517241379
"197",630,105,2020-08-14,31.4,0.9,61.1,14.83,1,0.73,0.87,2020,8,6835,384800,100.19,128.16,94,19,1188.18681318681
"198",631,105,2020-08-14,31.4,0.9,61.1,14.83,1,0.14,0.18,2020,8,6835,384800,100.19,128.16,94,19,1333.33333333333
"199",632,105,2020-08-15,27.9,37.9,78.3,2.68,1,0.65,0.97,2020,8,6835,384800,100.19,128.16,99,25,1500
"200",633,105,2020-08-15,27.9,37.9,78.3,2.68,1,0.7,0.9,2020,8,6835,384800,100.19,128.16,99,25,1300.28735632184
"201",635,105,2020-08-17,30.5,0,63.5,24.29,1,0.75,1.12,2020,8,6835,384800,100.19,128.16,89,20,1492.02127659574
"202",636,105,2020-08-17,30.5,0,63.5,24.29,1,0.26,0.46,2020,8,6835,384800,100.19,128.16,89,20,1750
"203",637,105,2020-08-18,31.2,0,60,25.1,1,0.48,0.73,2020,8,6835,384800,100.19,128.16,88,18,1529.16666666667
"204",645,105,2020-08-26,26.4,0.1,86.3,8.26,1,0.2,0.53,2020,8,6835,384800,100.19,128.16,75,12,2583.33333333333
"205",646,105,2020-08-26,26.4,0.1,86.3,8.26,1,0.17,0.32,2020,8,6835,384800,100.19,128.16,75,12,1900
"206",651,105,2020-08-31,23.2,0.4,86.8,3.95,1,0.25,0.98,2020,8,6835,384800,100.19,128.16,81,22,3900
"207",652,105,2020-08-31,23.2,0.4,86.8,3.95,1,0.4,0.92,2020,8,6835,384800,100.19,128.16,81,22,2312.5
"208",653,105,2020-08-31,23.2,0.4,86.8,3.95,1,0.16,0.36,2020,8,6835,384800,100.19,128.16,81,22,2250
"209",654,105,2020-08-31,23.2,0.4,86.8,3.95,1,0.08,0.19,2020,8,6835,384800,100.19,128.16,81,22,2375
"210",655,105,2020-09-01,25.1,0.2,81.6,21.31,1,0.16,0.4,2020,9,6835,384800,100.74,180.29,79,20,2500
"211",656,105,2020-09-02,23.9,154.4,96,1.78,1,0.55,1.53,2020,9,6835,384800,100.74,180.29,99,19,2800
"212",657,105,2020-09-02,23.9,154.4,96,1.78,1,0.24,0.57,2020,9,6835,384800,100.74,180.29,99,19,2375
"213",658,105,2020-09-03,25.9,77,65.3,15.32,1,0.61,1.39,2020,9,6835,384800,100.74,180.29,87,28,2274.59016393443
"214",659,105,2020-09-03,25.9,77,65.3,15.32,1,0.18,0.33,2020,9,6835,384800,100.74,180.29,87,28,1846.59090909091
"215",661,105,2020-09-05,21.6,0,72.6,5.5,1,0.18,0.39,2020,9,6835,384800,100.74,180.29,90,19,2215.90909090909
"216",663,105,2020-09-07,22.2,236.2,80.8,4.63,1,0.25,0.6,2020,9,6835,384800,100.74,180.29,97,26,2419.35483870968
"217",664,105,2020-09-07,22.2,236.2,80.8,4.63,1,0.11,0.26,2020,9,6835,384800,100.74,180.29,97,26,2400
"218",665,105,2020-09-08,25.4,0,51.6,16.67,1,0.14,0.38,2020,9,6835,384800,100.74,180.29,76,24,2800
"219",666,105,2020-09-08,25.4,0,51.6,16.67,1,0.16,0.33,2020,9,6835,384800,100.74,180.29,76,24,2043.75
"220",667,105,2020-09-09,23.3,6.5,66.5,14.88,1,0.14,0.34,2020,9,6835,384800,100.74,180.29,98,24,2400
"221",668,105,2020-09-10,23.3,0,66,18.99,1,0.24,0.53,2020,9,6835,384800,100.74,180.29,87,23,2200
"222",669,105,2020-09-11,20.7,0.2,82.1,7.23,1,0.34,0.8,2020,9,6835,384800,100.74,180.29,82,21,2400
"223",670,105,2020-09-11,20.7,0.2,82.1,7.23,1,0.13,0.2,2020,9,6835,384800,100.74,180.29,82,21,1562.5
"224",671,105,2020-09-12,18.8,52.5,94.4,3.27,1,0.3,0.49,2020,9,6835,384800,100.74,180.29,97,24,1601.97368421053
"225",672,105,2020-09-12,18.8,52.5,94.4,3.27,1,0.05,0.12,2020,9,6835,384800,100.74,180.29,97,24,2400
"226",674,105,2020-09-14,21,0,75.6,17.64,1,0.22,0.6,2020,9,6835,384800,100.74,180.29,89,21,2800
"227",675,105,2020-09-15,21.7,0,78.1,19.49,1,0.24,0.81,2020,9,6835,384800,100.74,180.29,85,19,3375
"228",676,105,2020-09-15,21.7,0,78.1,19.49,1,0.12,0.31,2020,9,6835,384800,100.74,180.29,85,19,2600
"229",677,105,2020-09-16,22.7,0.2,78,12.36,1,0.2,0.9,2020,9,6835,384800,100.74,180.29,98,20,4500
"230",678,105,2020-09-16,22.7,0.2,78,12.36,1,0.08,0.19,2020,9,6835,384800,100.74,180.29,98,20,2500
"231",679,105,2020-09-17,21.8,0,65.4,2.36,1,0.19,0.63,2020,9,6835,384800,100.74,180.29,84,23,3270.83333333333
"232",680,105,2020-09-18,21.7,0,52,17.54,1,0.75,2.61,2020,9,6835,384800,100.74,180.29,80,22,3485.33333333333
"233",681,105,2020-09-18,21.7,0,52,17.54,1,0.19,0.68,2020,9,6835,384800,100.74,180.29,80,22,3541.66666666667
"234",682,105,2020-09-19,20.8,0,58.8,20.46,1,1.42,4.21,2020,9,6835,384800,100.74,180.29,79,19,2957.805907173
"235",683,105,2020-09-19,20.8,0,58.8,20.46,1,0.46,1.24,2020,9,6835,384800,100.74,180.29,79,19,2719.29824561403
"236",684,105,2020-09-19,20.8,0,58.8,20.46,1,0.25,1.13,2020,9,6835,384800,100.74,180.29,79,19,4600
"237",685,105,2020-09-19,20.8,0,58.8,20.46,1,0.25,0.54,2020,9,6835,384800,100.74,180.29,79,19,2160
"238",687,105,2020-09-21,17.8,0,67.5,18.16,1,0.67,1.98,2020,9,6835,384800,100.74,180.29,79,15,2940.6528189911
"239",688,105,2020-09-21,17.8,0,67.5,18.16,1,0.55,1.28,2020,9,6835,384800,100.74,180.29,79,15,2324.27536231884
"240",689,105,2020-09-21,17.8,0,67.5,18.16,1,0.25,1.01,2020,9,6835,384800,100.74,180.29,79,15,4020
"241",690,105,2020-09-21,17.8,0,67.5,18.16,1,0.02,0.04,2020,9,6835,384800,100.74,180.29,79,15,2500
"242",691,105,2020-09-22,16.7,0,75.8,11.35,1,1.81,4.34,2020,9,6835,384800,100.74,180.29,73,13,2405.31561461794
"243",692,105,2020-09-22,16.7,0,75.8,11.35,1,1.7,3.67,2020,9,6835,384800,100.74,180.29,73,13,2153.16901408451
"244",693,105,2020-09-22,16.7,0,75.8,11.35,1,0.77,2,2020,9,6835,384800,100.74,180.29,73,13,2605.46875
"245",694,105,2020-09-22,16.7,0,75.8,11.35,1,0.67,1.66,2020,9,6835,384800,100.74,180.29,73,13,2471.64179104478
"246",695,105,2020-09-23,17.2,2.7,82.9,7.69,1,1.97,4.52,2020,9,6835,384800,100.74,180.29,74,12,2291.79331306991
"247",696,105,2020-09-23,17.2,2.7,82.9,7.69,1,1.22,2.85,2020,9,6835,384800,100.74,180.29,74,12,2337.70491803279
"248",697,105,2020-09-23,17.2,2.7,82.9,7.69,1,0.87,2,2020,9,6835,384800,100.74,180.29,74,12,2298.16513761468
"249",698,105,2020-09-24,18.5,20.4,86.4,8.6,1,1.36,2.53,2020,9,6835,384800,100.74,180.29,78,11,1857.35294117647
"250",699,105,2020-09-24,18.5,20.4,86.4,8.6,1,1.06,2.09,2020,9,6835,384800,100.74,180.29,78,11,1977.27272727273
"251",700,105,2020-09-25,18.6,8.7,85.5,7.7,1,1.21,2.19,2020,9,6835,384800,100.74,180.29,84,10,1812.08609271523
"252",701,105,2020-09-25,18.6,8.7,85.5,7.7,1,1.06,1.58,2020,9,6835,384800,100.74,180.29,84,10,1500
"253",702,105,2020-09-25,18.6,8.7,85.5,7.7,1,0.44,1.1,2020,9,6835,384800,100.74,180.29,84,10,2500
"254",703,105,2020-09-26,17.8,5.2,85.8,8.43,1,0.8,2.3,2020,9,6835,384800,100.74,180.29,81,10,2875
"255",704,105,2020-09-26,17.8,5.2,85.8,8.43,1,0.49,1.3,2020,9,6835,384800,100.74,180.29,81,10,2666.66666666667
"256",706,105,2020-09-28,17.9,0,74,20.04,1,2.12,4.76,2020,9,6835,384800,100.74,180.29,85,8,2245.75471698113
"257",707,105,2020-09-28,17.9,0,74,20.04,1,0.56,1.51,2020,9,6835,384800,100.74,180.29,85,8,2700
"258",710,105,2020-09-30,18.1,5.1,79.5,13.48,1,1.09,1.08,2020,9,6835,384800,100.74,180.29,81,7,988.970588235294
"259",715,105,2020-10-05,15.6,0,43.5,19.54,1,0.25,0.38,2020,10,6835,384800,100.18,151.16,60,5,1520
"260",716,105,2020-10-06,13.7,0,59.3,19.14,1,1,2.15,2020,10,6835,384800,100.18,151.16,78,5,2146
"261",717,105,2020-10-06,13.7,0,59.3,19.14,1,1.25,1.85,2020,10,6835,384800,100.18,151.16,78,5,1482.4
"262",718,105,2020-10-06,13.7,0,59.3,19.14,1,0.22,0.61,2020,10,6835,384800,100.18,151.16,78,5,2750
"263",719,105,2020-10-07,14.1,0,71.4,8.38,1,3.55,2.83,2020,10,6835,384800,100.18,151.16,67,5,797.183098591549
"264",720,105,2020-10-07,14.1,0,71.4,8.38,1,0.46,1.12,2020,10,6835,384800,100.18,151.16,67,5,2426.08695652174
"265",721,105,2020-10-07,14.1,0,71.4,8.38,1,0.15,0.31,2020,10,6835,384800,100.18,151.16,67,5,2083.33333333333
"266",722,105,2020-10-08,15.4,0,69.6,18.03,1,0.99,1.65,2020,10,6835,384800,100.18,151.16,70,5,1673.07692307692
"267",723,105,2020-10-08,15.4,0,69.6,18.03,1,1.66,1.39,2020,10,6835,384800,100.18,151.16,70,5,836.144578313253
"268",724,105,2020-10-08,15.4,0,69.6,18.03,1,0.08,0.17,2020,10,6835,384800,100.18,151.16,70,5,2166.66666666667
"269",725,105,2020-10-09,16.5,0,71.3,13.35,1,0.85,1.67,2020,10,6835,384800,100.18,151.16,71,4,1963.52941176471
"270",726,105,2020-10-09,16.5,0,71.3,13.35,1,1.57,1.66,2020,10,6835,384800,100.18,151.16,71,4,1059.23566878981
"271",727,105,2020-10-09,16.5,0,71.3,13.35,1,1.78,1.43,2020,10,6835,384800,100.18,151.16,71,4,800.561797752809
"272",728,105,2020-10-10,15.8,0,70.5,8.52,1,1.4,1.32,2020,10,6835,384800,100.18,151.16,74,4,940
"273",729,105,2020-10-10,15.8,0,70.5,8.52,1,1,0.95,2020,10,6835,384800,100.18,151.16,74,4,950
"274",730,105,2020-10-10,15.8,0,70.5,8.52,1,0.66,0.46,2020,10,6835,384800,100.18,151.16,74,4,700
"275",732,105,2020-10-12,16.7,0,71,12.02,1,1.1,1.49,2020,10,6835,384800,100.18,151.16,85,4,1350.45454545455
"276",733,105,2020-10-12,16.7,0,71,12.02,1,0.4,0.65,2020,10,6835,384800,100.18,151.16,85,4,1625
"277",734,105,2020-10-13,14.7,0,70.8,11.61,1,1.2,1.6,2020,10,6835,384800,100.18,151.16,84,4,1333.33333333333
"278",735,105,2020-10-13,14.7,0,70.8,11.61,1,0.76,1.15,2020,10,6835,384800,100.18,151.16,84,4,1503.92670157068
"279",736,105,2020-10-14,14.2,0,61.3,11.09,1,1.62,1.96,2020,10,6835,384800,100.18,151.16,71,4,1212.96296296296
"280",737,105,2020-10-14,14.2,0,61.3,11.09,1,1.08,1.35,2020,10,6835,384800,100.18,151.16,71,4,1250
"281",738,105,2020-10-14,14.2,0,61.3,11.09,1,0.4,0.55,2020,10,6835,384800,100.18,151.16,71,4,1375
"282",739,105,2020-10-15,12.3,0,59,14.09,1,0.88,1,2020,10,6835,384800,100.18,151.16,69,4,1136.36363636364
"283",740,105,2020-10-15,12.3,0,59,14.09,1,0.46,0.53,2020,10,6835,384800,100.18,151.16,69,4,1166.66666666667
"284",741,105,2020-10-16,13.8,0,57.5,9.63,1,1.2,1.06,2020,10,6835,384800,100.18,151.16,93,4,883.333333333333
"285",742,105,2020-10-16,13.8,0,57.5,9.63,1,1.04,0.88,2020,10,6835,384800,100.18,151.16,93,4,849.420849420849
"286",743,105,2020-10-17,13.3,0,62.8,16.62,1,1.83,1.41,2020,10,6835,384800,100.18,151.16,80,4,772.677595628415
"287",744,105,2020-10-17,13.3,0,62.8,16.62,1,1.68,1.4,2020,10,6835,384800,100.18,151.16,80,4,833.333333333333
"288",745,105,2020-10-17,13.3,0,62.8,16.62,1,0.81,0.68,2020,10,6835,384800,100.18,151.16,80,4,844.444444444444
"289",747,105,2020-10-19,14.9,0,64,15.26,1,1.19,1.08,2020,10,6835,384800,100.18,151.16,82,4,906.616415410385
"290",748,105,2020-10-19,14.9,0,64,15.26,1,1.13,1.06,2020,10,6835,384800,100.18,151.16,82,4,940.70796460177
"291",749,105,2020-10-19,14.9,0,64,15.26,1,0.16,0.16,2020,10,6835,384800,100.18,151.16,82,4,1000
"292",750,105,2020-10-20,15.4,0,62.5,16.06,1,1.2,0.98,2020,10,6835,384800,100.18,151.16,78,4,819.166666666667
"293",751,105,2020-10-20,15.4,0,62.5,16.06,1,0.82,0.79,2020,10,6835,384800,100.18,151.16,78,4,964.634146341463
"294",752,105,2020-10-20,15.4,0,62.5,16.06,1,0.32,0.24,2020,10,6835,384800,100.18,151.16,78,4,750
"295",753,105,2020-10-21,15.6,0,54.3,6.65,1,1.48,1.25,2020,10,6835,384800,100.18,151.16,93,4,841.891891891892
"296",754,105,2020-10-21,15.6,0,54.3,6.65,1,1.08,0.9,2020,10,6835,384800,100.18,151.16,93,4,833.333333333333
"297",755,105,2020-10-21,15.6,0,54.3,6.65,1,0.11,0.09,2020,10,6835,384800,100.18,151.16,93,4,800
"298",756,105,2020-10-22,17,0,51.5,9.99,1,0.82,0.49,2020,10,6835,384800,100.18,151.16,77,4,592.682926829268
"299",757,105,2020-10-22,17,0,51.5,9.99,1,0.34,0.31,2020,10,6835,384800,100.18,151.16,77,4,916.666666666667
"300",758,105,2020-10-22,17,0,51.5,9.99,1,0.5,0.25,2020,10,6835,384800,100.18,151.16,77,4,500
"301",759,105,2020-10-23,11.9,0,44.9,16.12,1,1.26,0.95,2020,10,6835,384800,100.18,151.16,60,4,750
"302",760,105,2020-10-23,11.9,0,44.9,16.12,1,0.73,0.44,2020,10,6835,384800,100.18,151.16,60,4,608.904109589041
"303",761,105,2020-10-23,11.9,0,44.9,16.12,1,0.08,0.04,2020,10,6835,384800,100.18,151.16,60,4,500
"304",762,105,2020-10-24,11.6,0,31.5,16.45,1,1.27,0.84,2020,10,6835,384800,100.18,151.16,60,4,666.666666666667
"305",764,105,2020-10-26,14.3,0,49.4,15.09,1,0.47,0.26,2020,10,6835,384800,100.18,151.16,80,4,551.063829787234
"306",765,105,2020-10-27,15.7,0,56.4,13.2,1,1.55,1.2,2020,10,6835,384800,100.18,151.16,82,4,773.932729624838
"307",768,105,2020-10-29,11,0,50.5,14.72,1,0.09,0.08,2020,10,6835,384800,100.18,151.16,59,4,900
"308",769,105,2020-10-29,11,0,50.5,14.72,1,0.01,0.006,2020,10,6835,384800,100.18,151.16,59,4,600
"309",770,105,2020-10-30,11.3,0,65.5,9.58,1,0.98,0.49,2020,10,6835,384800,100.18,151.16,61,4,500
"310",771,105,2020-10-31,13.4,0,55.9,11.92,1,0.67,0.35,2020,10,6835,384800,100.18,151.16,76,4,519.402985074627
"311",775,105,2020-11-04,8,0,26.9,14.55,1,0.15,0.09,2020,11,6835,384800,100.09,66.4,42,4,600
"312",776,105,2020-11-05,13.8,0,36.8,12.76,1,0.1,0.07,2020,11,6835,384800,100.09,66.4,62,4,650
"313",777,105,2020-11-06,17,0,37.6,9.09,1,0.4,0.28,2020,11,6835,384800,100.09,66.4,65,4,700
"314",778,105,2020-11-07,17.5,0,41.5,12.74,1,0.19,0.2,2020,11,6835,384800,100.09,66.4,61,4,1062.5
"315",780,105,2020-11-09,8.3,0,28.5,13.85,1,0.3,0.26,2020,11,6835,384800,100.09,66.4,44,4,850
"316",781,105,2020-11-10,8.1,0,43.8,13.14,1,0.81,0.42,2020,11,6835,384800,100.09,66.4,57,4,522.222222222222
"317",784,105,2020-11-13,14.5,0,50.3,11.58,1,0.8,0.48,2020,11,6835,384800,100.09,66.4,71,4,593.75
"318",787,105,2020-11-16,14.8,0,61.8,9.54,1,0.75,0.2,2020,11,6835,384800,100.09,66.4,74,4,266.666666666667
"319",789,105,2020-11-18,19,0,70.4,4.73,1,0.02,0.004,2020,11,6835,384800,100.09,66.4,99,7,200
"320",792,105,2020-11-21,7.8,0,65.1,4.42,1,0.14,0.12,2020,11,6835,384800,100.09,66.4,81,21,812.5
"321",794,105,2020-11-23,6.7,0,42.9,12.1,1,0.4,0.3,2020,11,6835,384800,100.09,66.4,73,22,750
"322",1012,105,2021-06-29,22.5,0,76,23.27,1,0.81,0.38,2021,6,7567,394259,102.05,69.02,81,22,466.666666666667
"323",1013,105,2021-06-30,22.2,0.3,85,8.72,1,0.36,0.14,2021,6,7567,394259,102.05,69.02,88,20,400
"324",1014,105,2021-07-01,24.3,0,76.1,25.67,1,0.3,0.15,2021,7,7567,394259,102.26,69.02,77,19,500
"325",1016,105,2021-07-03,21.6,57.7,86.1,3.65,1,1.1,0.55,2021,7,7567,394259,102.26,69.02,82,14,500
"326",1018,105,2021-07-05,24.9,0,70.8,20.64,1,0.32,0.21,2021,7,7567,394259,102.26,69.02,90,24,650
"327",1020,105,2021-07-07,25.1,0,79.3,19.2,1,0.46,0.23,2021,7,7567,394259,102.26,69.02,87,20,500
"328",1021,105,2021-07-08,25.4,0.1,81,21.6,1,0.48,0.18,2021,7,7567,394259,102.26,69.02,86,19,366.666666666667
"329",1023,105,2021-07-10,23.9,20.6,84.1,15.62,1,0.39,0.13,2021,7,7567,394259,102.26,69.02,93,28,341.025641025641
"330",1025,105,2021-07-12,29.1,0,66.3,24.55,1,0.53,0.13,2021,7,7567,394259,102.26,69.02,87,24,254.716981132075
"331",1028,105,2021-07-15,27.8,0,81.4,15.61,1,0.2,0.04,2021,7,7567,394259,102.26,69.02,86,17,200
"332",1029,105,2021-07-15,27.8,0,81.4,15.61,1,0.05,0.02,2021,7,7567,394259,102.26,69.02,86,17,400
"333",1030,105,2021-07-16,27,0,78.8,22.38,1,0.36,0.14,2021,7,7567,394259,102.26,69.02,80,21,400
"334",1031,105,2021-07-17,25.5,25.9,83,15.04,1,0.38,0.19,2021,7,7567,394259,102.26,69.02,83,18,500
"335",1033,105,2021-07-19,27.8,0,72,19.69,1,0.72,0.38,2021,7,7567,394259,102.26,69.02,88,16,531.25
"336",1037,105,2021-07-23,28.1,0,76,27.57,1,0.2,0.09,2021,7,7567,394259,102.26,69.02,76,14,450
"337",1044,105,2021-07-30,30,0,68.5,25.2,1,0.48,0.3,2021,7,7567,394259,102.26,69.02,77,4,625
"338",1047,105,2021-08-02,29.2,2.3,77.5,16.98,1,0.4,0.27,2021,8,7567,394259,102.75,89.57,95,19,687.5
"339",1061,105,2021-08-16,23.5,0,78.3,11.56,1,0.03,0.03,2021,8,7567,394259,102.75,89.57,73,5,900
"340",1063,105,2021-08-18,22.4,124.1,89.5,8.32,1,0.2,0.06,2021,8,7567,394259,102.75,89.57,74,4,300
"341",1064,105,2021-08-18,22.4,124.1,89.5,8.32,1,0.03,0.02,2021,8,7567,394259,102.75,89.57,74,4,800
"342",1076,105,2021-08-30,25.4,0,62.1,17.44,1,1.27,1.26,2021,8,7567,394259,102.75,89.57,89,20,990.566037735849
"343",1077,105,2021-08-31,21.7,28.5,78.6,5.13,1,0.24,0.32,2021,8,7567,394259,102.75,89.57,99,19,1312.5
"344",1078,105,2021-09-01,20,76.9,95.1,3.99,1,0.68,0.75,2021,9,7567,394259,103.17,108.11,88,23,1098.52941176471
"345",1079,105,2021-09-01,20,76.9,95.1,3.99,1,0.2,0.18,2021,9,7567,394259,103.17,108.11,88,23,900
"346",1082,105,2021-09-04,21.2,0.2,75.3,15.35,1,0.36,0.33,2021,9,7567,394259,103.17,108.11,72,17,916.666666666667
"347",1084,105,2021-09-06,22.2,0.1,79.4,13.2,1,1.14,0.9,2021,9,7567,394259,103.17,108.11,73,12,785.964912280702
"348",1085,105,2021-09-06,22.2,0.1,79.4,13.2,1,0.79,0.45,2021,9,7567,394259,103.17,108.11,73,12,574.683544303797
"349",1086,105,2021-09-07,20.6,10.8,90.8,4.73,1,2.11,1.61,2021,9,7567,394259,103.17,108.11,99,24,761.859582542695
"350",1087,105,2021-09-07,20.6,10.8,90.8,4.73,1,0.42,0.5,2021,9,7567,394259,103.17,108.11,99,24,1200
"351",1088,105,2021-09-08,21.5,3,85.6,11.72,1,1.13,0.78,2021,9,7567,394259,103.17,108.11,89,23,692.137809187279
"352",1089,105,2021-09-08,21.5,3,85.6,11.72,1,0.24,0.3,2021,9,7567,394259,103.17,108.11,89,23,1250
"353",1091,105,2021-09-10,23.9,0,73.1,16.49,1,1.52,0.72,2021,9,7567,394259,103.17,108.11,90,19,475
"354",1092,105,2021-09-10,23.9,0,73.1,16.49,1,0.54,0.54,2021,9,7567,394259,103.17,108.11,90,19,1000
"355",1093,105,2021-09-11,25.7,0,58.1,21.98,1,0.95,1.01,2021,9,7567,394259,103.17,108.11,83,16,1056.72268907563
"356",1094,105,2021-09-11,25.7,0,58.1,21.98,1,0.83,0.68,2021,9,7567,394259,103.17,108.11,83,16,818.674698795181
"357",1095,105,2021-09-11,25.7,0,58.1,21.98,1,0.44,0.44,2021,9,7567,394259,103.17,108.11,83,16,1000
"358",1097,105,2021-09-13,22.8,0,72.9,17.45,1,2.43,2.17,2021,9,7567,394259,103.17,108.11,80,13,892.342527789214
"359",1098,105,2021-09-13,22.8,0,72.9,17.45,1,1.51,1.33,2021,9,7567,394259,103.17,108.11,80,13,883.774834437086
"360",1099,105,2021-09-13,22.8,0,72.9,17.45,1,0.72,1.26,2021,9,7567,394259,103.17,108.11,80,13,1750
"361",1100,105,2021-09-14,21.8,0,74.9,17.04,1,2.52,2.5,2021,9,7567,394259,103.17,108.11,73,12,993.243243243243
"362",1101,105,2021-09-14,21.8,0,74.9,17.04,1,1.04,1.49,2021,9,7567,394259,103.17,108.11,73,12,1429.32692307692
"363",1102,105,2021-09-14,21.8,0,74.9,17.04,1,2.32,1.43,2021,9,7567,394259,103.17,108.11,73,12,615.086206896552
"364",1103,105,2021-09-15,21.9,0,75.3,17.09,1,2.87,2.73,2021,9,7567,394259,103.17,108.11,75,10,949.025748086291
"365",1104,105,2021-09-15,21.9,0,75.3,17.09,1,2.02,1.97,2021,9,7567,394259,103.17,108.11,75,10,973.267326732673
"366",1105,105,2021-09-15,21.9,0,75.3,17.09,1,0.53,0.45,2021,9,7567,394259,103.17,108.11,75,10,843.396226415094
"367",1106,105,2021-09-16,21,0.2,79.1,11.15,1,3.52,3.87,2021,9,7567,394259,103.17,108.11,72,9,1100
"368",1107,105,2021-09-16,21,0.2,79.1,11.15,1,3.5,3.1,2021,9,7567,394259,103.17,108.11,72,9,885.494003426613
"369",1108,105,2021-09-16,21,0.2,79.1,11.15,1,1.28,1.09,2021,9,7567,394259,103.17,108.11,72,9,846.333853354134
"370",1109,105,2021-09-17,19.5,5.6,88.9,4.14,1,3.63,4,2021,9,7567,394259,103.17,108.11,78,8,1101.51515151515
"371",1110,105,2021-09-17,19.5,5.6,88.9,4.14,1,1.14,1,2021,9,7567,394259,103.17,108.11,78,8,869.755244755245
"372",1111,105,2021-09-17,19.5,5.6,88.9,4.14,1,0.68,0.62,2021,9,7567,394259,103.17,108.11,78,8,905.882352941176
"373",1118,105,2021-09-24,19.8,2.1,80.4,8.47,1,2.62,2.6,2021,9,7567,394259,103.17,108.11,80,18,991.984732824428
"374",1119,105,2021-09-24,19.8,2.1,80.4,8.47,1,0.84,0.92,2021,9,7567,394259,103.17,108.11,80,18,1100
"375",1120,105,2021-09-25,19.3,4.5,91.8,4.92,1,3.81,3.3,2021,9,7567,394259,103.17,108.11,85,17,865.879265091864
"376",1121,105,2021-09-25,19.3,4.5,91.8,4.92,1,0.81,0.41,2021,9,7567,394259,103.17,108.11,85,17,502.469135802469
"377",1122,105,2021-09-25,19.3,4.5,91.8,4.92,1,0.32,0.26,2021,9,7567,394259,103.17,108.11,85,17,812.5
"378",1124,105,2021-09-27,19.7,0.1,80.8,7.78,1,2.88,2.26,2021,9,7567,394259,103.17,108.11,86,15,784.027777777778
"379",1125,105,2021-09-27,19.7,0.1,80.8,7.78,1,1.1,0.94,2021,9,7567,394259,103.17,108.11,86,15,853.636363636364
"380",1126,105,2021-09-27,19.7,0.1,80.8,7.78,1,0.6,0.33,2021,9,7567,394259,103.17,108.11,86,15,550
"381",1127,105,2021-09-28,20.7,0,78,8.96,1,3.56,2.43,2021,9,7567,394259,103.17,108.11,84,15,681.179775280899
"382",1128,105,2021-09-28,20.7,0,78,8.96,1,3.35,2.3,2021,9,7567,394259,103.17,108.11,84,15,685.223880597015
"383",1129,105,2021-09-28,20.7,0,78,8.96,1,0.43,0.26,2021,9,7567,394259,103.17,108.11,84,15,600
"384",1130,105,2021-09-29,20,5.6,90.3,4.38,1,1.26,0.87,2021,9,7567,394259,103.17,108.11,99,20,693.253968253968
"385",1131,105,2021-09-29,20,5.6,90.3,4.38,1,0.9,0.72,2021,9,7567,394259,103.17,108.11,99,20,797.991071428571
"386",1132,105,2021-09-29,20,5.6,90.3,4.38,1,0.11,0.1,2021,9,7567,394259,103.17,108.11,99,20,900
"387",1133,105,2021-09-30,21.1,0,77.5,19.31,1,1.28,0.9,2021,9,7567,394259,103.17,108.11,95,21,700
"388",1134,105,2021-09-30,21.1,0,77.5,19.31,1,0.45,0.36,2021,9,7567,394259,103.17,108.11,95,21,793.333333333333
"389",1135,105,2021-09-30,21.1,0,77.5,19.31,1,0.32,0.23,2021,9,7567,394259,103.17,108.11,95,21,728.125
"390",1136,105,2021-10-01,20.8,0,72.1,18.07,1,1.07,0.75,2021,10,7567,394259,103.35,84.16,87,20,700
"391",1137,105,2021-10-01,20.8,0,72.1,18.07,1,0.46,0.29,2021,10,7567,394259,103.35,84.16,87,20,633.620689655172
"392",1138,105,2021-10-01,20.8,0,72.1,18.07,1,0.21,0.2,2021,10,7567,394259,103.35,84.16,87,20,950
"393",1139,105,2021-10-02,21.6,1.1,68.6,18.35,1,1.84,1.26,2021,10,7567,394259,103.35,84.16,87,19,682.065217391304
"394",1140,105,2021-10-02,21.6,1.1,68.6,18.35,1,1.75,0.88,2021,10,7567,394259,103.35,84.16,87,19,502.857142857143
"395",1141,105,2021-10-02,21.6,1.1,68.6,18.35,1,0.55,0.47,2021,10,7567,394259,103.35,84.16,87,19,850
"396",1143,105,2021-10-04,25.9,0,50.4,2.46,1,2.67,1.25,2021,10,7567,394259,103.35,84.16,99,17,469.311377245509
"397",1144,105,2021-10-04,25.9,0,50.4,2.46,1,1.26,1.06,2021,10,7567,394259,103.35,84.16,99,17,838.888888888889
"398",1145,105,2021-10-04,25.9,0,50.4,2.46,1,0.49,0.25,2021,10,7567,394259,103.35,84.16,99,17,500
"399",1146,105,2021-10-05,20.9,1.4,82,9.03,1,3.72,1.83,2021,10,7567,394259,103.35,84.16,95,23,490.860215053764
"400",1147,105,2021-10-05,20.9,1.4,82,9.03,1,2.34,1.11,2021,10,7567,394259,103.35,84.16,95,23,471.843003412969
"401",1148,105,2021-10-05,20.9,1.4,82,9.03,1,0.73,0.61,2021,10,7567,394259,103.35,84.16,95,23,839.72602739726
"402",1149,105,2021-10-06,17.9,48.8,95,2.18,1,1.25,1.03,2021,10,7567,394259,103.35,84.16,94,23,821.6
"403",1150,105,2021-10-06,17.9,48.8,95,2.18,1,0.7,0.42,2021,10,7567,394259,103.35,84.16,94,23,600
"404",1152,105,2021-10-08,18.4,5.5,94.3,2.88,1,1.73,1.02,2021,10,7567,394259,103.35,84.16,99,22,587.28323699422
"405",1156,105,2021-10-12,16.8,0,82.9,4.55,1,0.16,0.09,2021,10,7567,394259,103.35,84.16,71,22,562.5
"406",1157,105,2021-10-13,17.5,0,79.1,5.88,1,0.4,0.31,2021,10,7567,394259,103.35,84.16,80,21,780
"407",1158,105,2021-10-14,20.1,0,71.1,16.56,1,2.4,1.47,2021,10,7567,394259,103.35,84.16,83,19,611.666666666667
"408",1159,105,2021-10-14,20.1,0,71.1,16.56,1,1,0.4,2021,10,7567,394259,103.35,84.16,83,19,400
"409",1160,105,2021-10-15,17.3,34.6,87.5,1.42,1,2.4,1.38,2021,10,7567,394259,103.35,84.16,86,20,575.333889816361
"410",1161,105,2021-10-15,17.3,34.6,87.5,1.42,1,0.54,0.27,2021,10,7567,394259,103.35,84.16,86,20,500
"411",1162,105,2021-10-16,13.8,8.9,67,5.93,1,0.2,0.08,2021,10,7567,394259,103.35,84.16,66,20,395
"412",1164,105,2021-10-18,12,0,51.8,16.81,1,0.92,0.74,2021,10,7567,394259,103.35,84.16,77,17,800
"413",1165,105,2021-10-19,12,6.9,69,10.68,1,2.3,1.74,2021,10,7567,394259,103.35,84.16,83,18,756.304347826087
"414",1166,105,2021-10-20,11.1,1,71.5,13.22,1,1.62,1.08,2021,10,7567,394259,103.35,84.16,82,18,666.666666666667
"415",1167,105,2021-10-20,11.1,1,71.5,13.22,1,0.54,0.21,2021,10,7567,394259,103.35,84.16,82,18,382.407407407407
"416",1168,105,2021-10-21,11.7,0,69.8,11.96,1,0.72,0.48,2021,10,7567,394259,103.35,84.16,80,17,666.666666666667
"417",1169,105,2021-10-22,10.6,9.2,84.1,6.22,1,1.13,0.6,2021,10,7567,394259,103.35,84.16,82,16,527.433628318584
"418",1170,105,2021-10-22,10.6,9.2,84.1,6.22,1,0.4,0.18,2021,10,7567,394259,103.35,84.16,82,16,453.75
"419",1171,105,2021-10-23,13.1,0,65,15.91,1,0.78,0.23,2021,10,7567,394259,103.35,84.16,79,16,300
"420",1172,105,2021-10-23,13.1,0,65,15.91,1,0.17,0.1,2021,10,7567,394259,103.35,84.16,79,16,600
"421",1175,105,2021-10-26,15.9,0,49.9,14.11,1,0.1,0.09,2021,10,7567,394259,103.35,84.16,87,14,900
"422",1178,105,2021-10-29,13.3,0,65,11.73,1,0.06,0.03,2021,10,7567,394259,103.35,84.16,80,14,500
"423",1179,105,2021-10-30,15.1,0,59.3,11.62,1,0.21,0.07,2021,10,7567,394259,103.35,84.16,85,13,350
"424",1181,105,2021-11-01,15.2,0,61,12.23,1,1.08,0.49,2021,11,7567,394259,103.87,84.16,83,13,450
"425",1182,105,2021-11-02,13,5.2,73.5,8.68,1,1.2,0.28,2021,11,7567,394259,103.87,84.16,85,13,233.333333333333
"426",1183,105,2021-11-03,14.4,0.6,72.8,11,1,0.52,0.26,2021,11,7567,394259,103.87,84.16,80,13,500
"427",1184,105,2021-11-03,14.4,0.6,72.8,11,1,0.59,0.16,2021,11,7567,394259,103.87,84.16,80,13,279.661016949153
"428",1186,105,2021-11-05,15,0,56,12.93,1,0.16,0.12,2021,11,7567,394259,103.87,84.16,87,12,737.5
"429",1187,105,2021-11-05,15,0,56,12.93,1,0.16,0.08,2021,11,7567,394259,103.87,84.16,87,12,500
"430",1195,105,2021-11-13,10.9,0,41.1,13.13,1,0.06,0.05,2021,11,7567,394259,103.87,84.16,76,17,900
"431",1201,105,2021-11-19,16,0,53.8,8.25,1,2.4,1.8,2021,11,7567,394259,103.87,84.16,79,16,750
"432",1202,105,2021-11-20,13.4,0.2,70.8,8.03,1,1.81,1.52,2021,11,7567,394259,103.87,84.16,83,15,840.154867256637
"433",1204,105,2021-11-22,6.8,0,42.1,10.91,1,2.18,2.05,2021,11,7567,394259,103.87,84.16,68,22,937.5
"434",1205,105,2021-11-23,2.8,0,36,10.54,1,2.22,1.66,2021,11,7567,394259,103.87,84.16,50,18,750
"435",1206,105,2021-11-24,6.4,0,45.6,8.13,1,1.85,1.39,2021,11,7567,394259,103.87,84.16,60,18,750
"436",1207,105,2021-11-25,9.7,0,38.1,11.18,1,2.37,1.63,2021,11,7567,394259,103.87,84.16,66,19,687.5
"437",1209,105,2021-11-27,5.5,0,48.5,11.84,1,0.03,0.02,2021,11,7567,394259,103.87,84.16,70,16,625
"438",1211,105,2021-11-29,13.4,0,25.3,10.37,1,0.1,0.05,2021,11,7567,394259,103.87,84.16,76,17,500
"439",1222,105,2021-12-10,10.9,0,62.9,6.43,1,0.33,0.18,2021,12,7567,394259,104.04,87.47,99,20,557.575757575758
