"","X","jj","date","tmp","rain","humidity","insolation","market","volume","trade_price","year","month","area","output10a","output","total_indices","indices","X5humidity","X10humidity","y"
"1",3,105,2019-01-03,1.2,0,19.8,11.3,1,19.06,9.91,2019,1,102,6014,6112,98.884,69.234,54,3,520.283390186303
"2",4,105,2019-01-04,3.8,0,24.8,9.13,1,5.1,2.99,2019,1,102,6014,6112,98.884,69.234,62,3,587.254901960784
"3",5,105,2019-01-05,1.9,0,37.3,10.31,1,2.85,1.91,2019,1,102,6014,6112,98.884,69.234,49,3,671.929824561404
"4",7,105,2019-01-07,2.6,0,22.1,10.14,1,17.2,8.89,2019,1,102,6014,6112,98.884,69.234,52,3,516.56976744186
"5",9,105,2019-01-09,0.1,0,20.4,9.71,1,3.6,2.57,2019,1,102,6014,6112,98.884,69.234,48,3,712.5
"6",10,105,2019-01-10,4.4,0,18.9,9.87,1,2.03,1.33,2019,1,102,6014,6112,98.884,69.234,56,3,654.320987654321
"7",12,105,2019-01-12,3.3,2,73.3,2.07,1,5.72,3.9,2019,1,102,6014,6112,98.884,69.234,64,3,681.539807524059
"8",14,105,2019-01-14,5.5,0,37.6,9.26,1,5.45,3.5,2019,1,102,6014,6112,98.884,69.234,74,3,642.201834862385
"9",15,105,2019-01-15,2.6,0,38.1,7.97,1,2.7,1.95,2019,1,102,6014,6112,98.884,69.234,63,3,722.222222222222
"10",16,105,2019-01-16,-1.6,0,28.1,9.6,1,12.18,6.5,2019,1,102,6014,6112,98.884,69.234,56,3,533.908045977012
"11",17,105,2019-01-17,2.7,0,32.5,12.06,1,1.23,0.62,2019,1,102,6014,6112,98.884,69.234,56,3,504.065040650407
"12",18,105,2019-01-18,4.4,0,24,11.44,1,3,1.95,2019,1,102,6014,6112,98.884,69.234,50,3,650
"13",19,105,2019-01-19,5.7,0,37.5,6.9,1,4.5,3,2019,1,102,6014,6112,98.884,69.234,69,3,666.666666666667
"14",29,105,2019-01-29,3.7,0,29,12.49,1,9.45,4.41,2019,1,102,6014,6112,98.884,69.234,44,3,466.666666666667
"15",31,105,2019-01-31,2.4,13,56.4,1.77,1,4.88,2.28,2019,1,102,6014,6112,98.884,69.234,53,4,466.666666666667
"16",32,105,2019-01-31,2.4,13,56.4,1.77,1,0.68,0.27,2019,1,102,6014,6112,98.884,69.234,53,4,400
"17",36,105,2019-02-04,4.3,0,24.1,14.26,1,3.85,1.85,2019,2,102,6014,6112,99.311,67.66,43,18,480.519480519481
"18",41,105,2019-02-09,-0.5,0,35.4,14.23,1,0.6,0.2,2019,2,102,6014,6112,99.311,67.66,42,4,333.333333333333
"19",44,105,2019-02-12,1.4,0,31.4,14.14,1,9.45,4.41,2019,2,102,6014,6112,99.311,67.66,47,4,466.666666666667
"20",51,105,2019-02-19,3.9,6,73.1,2.76,1,9.45,4.41,2019,2,102,6014,6112,99.311,67.66,92,7,466.666666666667
"21",55,105,2019-02-23,4.9,0.2,56,11.41,1,2.33,1.04,2019,2,102,6014,6112,99.311,67.66,65,12,448.024054982818
"22",57,105,2019-02-25,7.9,0,36.5,14.78,1,1.26,0.32,2019,2,102,6014,6112,99.311,67.66,59,14,250
"23",58,105,2019-02-26,6,0,47.8,17.52,1,4.5,3.38,2019,2,102,6014,6112,99.311,67.66,59,11,750
"24",60,105,2019-02-28,7.1,0,51.6,15.24,1,9.45,4.41,2019,2,102,6014,6112,99.311,67.66,55,13,466.666666666667
"25",72,105,2019-03-12,6.6,0.5,48,15.93,1,9.45,4.41,2019,3,102,6014,6112,99.121,67.66,67,9,466.666666666667
"26",81,105,2019-03-21,11.1,4.5,62.3,10.56,1,9.45,4.41,2019,3,102,6014,6112,99.121,67.66,83,16,466.666666666667
"27",87,105,2019-03-27,12.8,0.5,57.6,17.98,1,1.04,0.39,2019,3,102,6014,6112,99.121,67.66,68,12,377.777777777778
"28",90,105,2019-03-30,7.7,2,58.6,21.39,1,1.22,0.45,2019,3,102,6014,6112,99.121,67.66,89,11,366.666666666667
"29",114,105,2019-04-23,19.1,0,62.1,18.56,1,4.5,2.1,2019,4,102,6014,6112,99.481,80.032,60,5,466.666666666667
"30",130,105,2019-05-09,22.3,0,23.8,26.27,1,6.3,4.41,2019,5,102,6014,6112,99.652,87.22,45,3,700
"31",158,105,2019-06-06,18.6,10.5,86.8,9.39,1,0.66,0.35,2019,6,102,6014,6112,99.491,76.265,89,2,525.909090909091
"32",165,105,2019-06-13,22.9,0,60,30.27,1,16.1,5.2,2019,6,102,6014,6112,99.491,76.265,67,9,323.167701863354
"33",166,105,2019-06-14,21.7,4.5,63.3,13.62,1,48,16.24,2019,6,102,6014,6112,99.491,76.265,69,7,338.333333333333
"34",172,105,2019-06-20,26.8,0,52,28.89,1,0.3,0.11,2019,6,102,6014,6112,99.491,76.265,80,19,360
"35",173,105,2019-06-21,20.5,0,76.1,11.42,1,1,0.37,2019,6,102,6014,6112,99.491,76.265,89,15,365
"36",174,105,2019-06-22,19.9,0,66.4,31.01,1,0.1,0.04,2019,6,102,6014,6112,99.491,76.265,67,20,360
"37",177,105,2019-06-25,23.9,0,70.1,29.16,1,2.07,0.75,2019,6,102,6014,6112,99.491,76.265,66,11,363.002421307506
"38",178,105,2019-06-25,23.9,0,70.1,29.16,1,1.04,0.36,2019,6,102,6014,6112,99.491,76.265,66,11,350
"39",179,105,2019-06-26,23.4,1.5,75,14.23,1,31.52,9.53,2019,6,102,6014,6112,99.491,76.265,75,8,302.41116751269
"40",180,105,2019-06-26,23.4,1.5,75,14.23,1,1.52,0.45,2019,6,102,6014,6112,99.491,76.265,75,8,296.052631578947
"41",187,105,2019-07-03,26,0,53.9,25.1,1,0.15,0.06,2019,7,102,6014,6112,99.187,76.265,71,5,400
"42",194,105,2019-07-10,18.9,53.5,94.9,3.74,1,3.2,0.48,2019,7,102,6014,6112,99.187,76.265,76,2,150
"43",201,105,2019-07-17,24.2,0,80.3,16.45,1,3.12,0.72,2019,7,102,6014,6112,99.187,76.265,86,19,230.769230769231
"44",202,105,2019-07-18,27.1,0,67.1,24.32,1,16,5.34,2019,7,102,6014,6112,99.187,76.265,77,17,333.59375
"45",204,105,2019-07-20,23.7,17.5,91.3,3.53,1,0.4,0.16,2019,7,102,6014,6112,99.187,76.265,73,11,400
"46",207,105,2019-07-23,31.2,0,54,24.46,1,0.4,0.13,2019,7,102,6014,6112,99.187,76.265,86,17,315
"47",208,105,2019-07-23,31.2,0,54,24.46,1,0.1,0.05,2019,7,102,6014,6112,99.187,76.265,86,17,460
"48",210,105,2019-07-25,30.5,1.5,65.4,17.69,1,0.4,0.15,2019,7,102,6014,6112,99.187,76.265,98,17,380
"49",211,105,2019-07-25,30.5,1.5,65.4,17.69,1,0.13,0.08,2019,7,102,6014,6112,99.187,76.265,98,17,631.2
"50",213,105,2019-07-27,28.3,0.5,76.6,23.78,1,0.35,0.1,2019,7,102,6014,6112,99.187,76.265,87,22,288
"51",216,105,2019-07-30,31.4,0,53.6,18.61,1,0.4,0.17,2019,7,102,6014,6112,99.187,76.265,97,20,430
"52",218,105,2019-08-01,31.4,0,57.5,22.38,1,0.28,0.1,2019,8,102,6014,6112,99.425,58.637,90,24,340
"53",220,105,2019-08-03,27.9,0,76,19.49,1,0.42,0.17,2019,8,102,6014,6112,99.425,58.637,84,16,400
"54",223,105,2019-08-06,26.5,2.5,79.3,17.04,1,0.52,0.18,2019,8,102,6014,6112,99.425,58.637,69,7,353.461538461539
"55",227,105,2019-08-10,27.3,0,81,14.13,1,0.28,0.12,2019,8,102,6014,6112,99.425,58.637,76,15,440
"56",251,105,2019-09-03,20.7,23.5,87.9,3.31,1,0.89,0.33,2019,9,102,6014,6112,99.794,61.56,87,6,365.842696629213
"57",257,105,2019-09-09,25.8,0.1,72,9.85,1,9.45,4.41,2019,9,102,6014,6112,99.794,61.56,92,18,466.666666666667
"58",272,105,2019-09-24,19.3,0,60.5,21.8,1,9.45,4.41,2019,9,102,6014,6112,99.794,61.56,88,12,466.666666666667
"59",282,105,2019-10-04,19.9,0,82.5,8.14,1,9.45,4.41,2019,10,102,6014,6112,100.041,62.596,90,20,466.666666666667
"60",289,105,2019-10-11,18.4,0.2,64.4,14.57,1,15.34,5.37,2019,10,102,6014,6112,100.041,62.596,73,17,350
"61",296,105,2019-10-18,15.1,1.5,85,2.08,1,9.45,4.41,2019,10,102,6014,6112,100.041,62.596,77,10,466.666666666667
"62",300,105,2019-10-22,16.2,0,73.4,12.68,1,9.45,4.41,2019,10,102,6014,6112,100.041,62.596,76,8,466.666666666667
"63",310,105,2019-11-01,16.7,0,60,13.73,1,9.45,4.41,2019,11,102,6014,6112,99.481,63.405,79,7,466.666666666667
"64",318,105,2019-11-09,9.5,1.5,66.5,4.39,1,0.05,0.02,2019,11,102,6014,6112,99.481,63.405,64,6,400
"65",323,105,2019-11-14,4.6,0,19.1,14.03,1,15.44,5.4,2019,11,102,6014,6112,99.481,63.405,35,14,350
"66",338,105,2019-11-29,4.8,0,68.1,6.39,1,0.52,0.27,2019,11,102,6014,6112,99.481,63.405,81,15,510
"67",356,105,2019-12-17,12.7,0,58.9,3.58,1,18.9,8.82,2019,12,102,6014,6112,99.719,68.504,94,21,466.666666666667
"68",360,105,2019-12-21,3.7,0,46.4,6.18,1,24.65,9.73,2019,12,102,6014,6112,99.719,68.504,72,10,394.7261663286
"69",362,105,2019-12-23,6.3,0,62.4,5.44,1,25.65,10.08,2019,12,102,6014,6112,99.719,68.504,89,19,392.982456140351
"70",363,105,2019-12-24,4.4,0,59,9.8,1,9.45,4.41,2019,12,102,6014,6112,99.719,68.504,87,18,466.666666666667
"71",373,105,2020-01-03,5.6,0,33.6,9.93,1,9.45,4.41,2020,1,76,5864,4455,100.09,79.78,67,5,466.666666666667
"72",384,105,2020-01-14,1.2,0,35,11.19,1,9.45,4.41,2020,1,76,5864,4455,100.09,79.78,59,5,466.666666666667
"73",413,105,2020-02-12,9.2,4.5,65.6,2.49,1,9.45,4.41,2020,2,76,5864,4455,100.16,85.65,78,12,466.666666666667
"74",415,105,2020-02-14,10.9,0,59.3,13.46,1,0.4,0.26,2020,2,76,5864,4455,100.16,85.65,85,12,650
"75",426,105,2020-02-25,6.5,43.5,82.5,1.12,1,9.45,4.41,2020,2,76,5864,4455,100.16,85.65,91,22,466.666666666667
"76",439,105,2020-03-09,10.1,0,70.4,14.45,1,9.45,4.41,2020,3,76,5864,4455,99.94,113.13,60,12,466.666666666667
"77",447,105,2020-03-17,8.2,0.1,57.3,17.75,1,1.71,2.8,2020,3,76,5864,4455,99.94,113.13,93,11,1634.48074679113
"78",448,105,2020-03-18,13.7,0,33,21.52,1,9.72,4.88,2020,3,76,5864,4455,99.94,113.13,69,13,502.160493827161
"79",449,105,2020-03-19,12.2,0.3,40.6,16.12,1,0.37,0.65,2020,3,76,5864,4455,99.94,113.13,62,13,1767.56756756757
"80",450,105,2020-03-20,11.5,0,29.1,20.63,1,0.29,0.52,2020,3,76,5864,4455,99.94,113.13,45,12,1769.62457337884
"81",453,105,2020-03-23,8.9,0,50.6,19.96,1,1.09,1.95,2020,3,76,5864,4455,99.94,113.13,39,9,1785.97616865261
"82",455,105,2020-03-25,10.9,0,69.1,17.23,1,0.94,1.69,2020,3,76,5864,4455,99.94,113.13,48,8,1805.88235294118
"83",456,105,2020-03-26,16.3,0,51.1,16.58,1,0.39,0.69,2020,3,76,5864,4455,99.94,113.13,52,7,1800
"84",457,105,2020-03-27,9.9,11.6,91.8,1.77,1,0.49,0.87,2020,3,76,5864,4455,99.94,113.13,91,8,1771.80527383367
"85",460,105,2020-03-30,9.8,0,65.3,21.91,1,1.2,2.16,2020,3,76,5864,4455,99.94,113.13,45,6,1796.41965029142
"86",461,105,2020-03-31,12.1,0,58.4,20.02,1,0.44,0.79,2020,3,76,5864,4455,99.94,113.13,41,6,1777.65237020316
"87",462,105,2020-04-01,9.3,5.2,70.1,4.09,1,0.99,1.79,2020,4,76,5864,4455,99.5,111.43,64,5,1801.10775427996
"88",463,105,2020-04-02,11.8,0,42.6,23.08,1,0.43,0.76,2020,4,76,5864,4455,99.5,111.43,65,5,1766.27906976744
"89",464,105,2020-04-03,15.3,0,20.5,23.81,1,0.2,0.35,2020,4,76,5864,4455,99.5,111.43,46,4,1769.23076923077
"90",467,105,2020-04-06,11.3,0,38,23.88,1,1.17,2.08,2020,4,76,5864,4455,99.5,111.43,47,3,1780.82191780822
"91",468,105,2020-04-07,13.1,0,47.4,17.04,1,0.26,0.48,2020,4,76,5864,4455,99.5,111.43,40,3,1866.66666666667
"92",469,105,2020-04-08,8.2,4.1,62.9,16.57,1,0.29,0.53,2020,4,76,5864,4455,99.5,111.43,36,3,1793.51535836178
"93",470,105,2020-04-09,8.6,0,53.6,18.77,1,0.64,1.3,2020,4,76,5864,4455,99.5,111.43,46,2,2025.66096423017
"94",471,105,2020-04-10,8.9,0,60.4,22.08,1,0.41,0.83,2020,4,76,5864,4455,99.5,111.43,45,2,2014.52784503632
"95",474,105,2020-04-13,9.4,0,50.4,23.41,1,0.83,1.68,2020,4,76,5864,4455,99.5,111.43,37,3,2028.98550724638
"96",475,105,2020-04-14,17.6,0,23.4,25.13,1,10,8.66,2020,4,76,5864,4455,99.5,111.43,39,3,865.6
"97",477,105,2020-04-16,10.9,0,70.6,20.48,1,0.84,1.67,2020,4,76,5864,4455,99.5,111.43,44,2,1995.22673031026
"98",478,105,2020-04-17,11.7,1.4,72.6,9,1,0.48,0.97,2020,4,76,5864,4455,99.5,111.43,88,2,2016.66666666667
"99",481,105,2020-04-20,11.9,8.7,65.4,17.69,1,3.57,5.03,2020,4,76,5864,4455,99.5,111.43,78,13,1407.7289274713
"100",482,105,2020-04-21,9.5,0,38,23.52,1,0.44,0.9,2020,4,76,5864,4455,99.5,111.43,47,12,2036.36363636364
"101",483,105,2020-04-22,8,0,37.9,26.65,1,1.47,2.17,2020,4,76,5864,4455,99.5,111.43,42,10,1480.54607508532
"102",484,105,2020-04-23,9.4,0,41,26.3,1,0.41,0.85,2020,4,76,5864,4455,99.5,111.43,47,8,2068.29268292683
"103",485,105,2020-04-24,12.3,0,32,23.7,1,7.13,7.72,2020,4,76,5864,4455,99.5,111.43,48,7,1083.08771929825
"104",490,105,2020-04-29,19.8,0,33.8,24.55,1,1.92,3.45,2020,4,76,5864,4455,99.5,111.43,47,3,1799.06054279749
"105",491,105,2020-04-30,21.4,0,32.9,24.98,1,0.8,1.2,2020,4,76,5864,4455,99.5,111.43,55,3,1504.40251572327
"106",492,105,2020-05-01,26.3,0,42.1,25.68,1,0.42,0.75,2020,5,76,5864,4455,99.44,102.25,71,3,1764.77541371158
"107",493,105,2020-05-02,24.9,0,52.8,21.14,1,0.67,1.16,2020,5,76,5864,4455,99.44,102.25,83,2,1740.6015037594
"108",495,105,2020-05-04,17.2,0.3,79.5,14.4,1,0.4,0.71,2020,5,76,5864,4455,99.44,102.25,66,2,1772.61306532663
"109",496,105,2020-05-05,15.2,0,76.9,13.58,1,0.41,0.71,2020,5,76,5864,4455,99.44,102.25,70,2,1748.77450980392
"110",497,105,2020-05-06,15.8,0,75.6,27.42,1,0.36,0.62,2020,5,76,5864,4455,99.44,102.25,53,2,1722.06703910615
"111",498,105,2020-05-07,15.3,0,59,21.58,1,0.38,0.67,2020,5,76,5864,4455,99.44,102.25,36,2,1745.43080939948
"112",499,105,2020-05-08,16.3,0.9,66.8,25.81,1,0.47,0.81,2020,5,76,5864,4455,99.44,102.25,44,2,1723.40425531915
"113",500,105,2020-05-09,15.2,26.7,93.5,6.02,1,0.8,1.35,2020,5,76,5864,4455,99.44,102.25,98,21,1690.625
"114",502,105,2020-05-11,20.9,0,36.8,27.76,1,0.49,0.83,2020,5,76,5864,4455,99.44,102.25,59,17,1695.69672131147
"115",503,105,2020-05-12,18.4,0,46.6,26.44,1,0.29,0.49,2020,5,76,5864,4455,99.44,102.25,79,16,1689.65517241379
"116",504,105,2020-05-13,20,0,30.5,28.93,1,0.58,0.98,2020,5,76,5864,4455,99.44,102.25,56,15,1676.67238421955
"117",505,105,2020-05-14,24.3,0,22.9,22.47,1,0.25,0.43,2020,5,76,5864,4455,99.44,102.25,49,13,1720
"118",506,105,2020-05-15,17.3,10,72.3,4.19,1,0.86,1.45,2020,5,76,5864,4455,99.44,102.25,85,12,1687.06293706294
"119",507,105,2020-05-16,15.9,0,88.4,7.07,1,0.62,1.05,2020,5,76,5864,4455,99.44,102.25,91,18,1681.38041733547
"120",510,105,2020-05-19,12.2,26,84.9,6.52,1,0.83,1.75,2020,5,76,5864,4455,99.44,102.25,88,20,2100.24009603841
"121",511,105,2020-05-20,10.8,5,81.4,10.58,1,0.41,0.87,2020,5,76,5864,4455,99.44,102.25,78,19,2128.67647058824
"122",512,105,2020-05-21,13,0,72.9,24.54,1,0.46,0.96,2020,5,76,5864,4455,99.44,102.25,66,18,2102.62008733624
"123",513,105,2020-05-22,14.1,4.1,81.1,10.85,1,0.57,1.2,2020,5,76,5864,4455,99.44,102.25,76,16,2129.20353982301
"124",514,105,2020-05-23,16.5,0,81.6,25.62,1,0.69,1.46,2020,5,76,5864,4455,99.44,102.25,77,15,2112.55411255411
"125",516,105,2020-05-25,21.7,0,55.8,20.2,1,0.55,1.14,2020,5,76,5864,4455,99.44,102.25,85,18,2089.90825688073
"126",517,105,2020-05-26,19.8,0,61,22.3,1,0.41,0.87,2020,5,76,5864,4455,99.44,102.25,85,17,2129.26829268293
"127",518,105,2020-05-27,20.1,0,45.1,29.77,1,0.47,0.99,2020,5,76,5864,4455,99.44,102.25,71,17,2131.18279569893
"128",519,105,2020-05-28,19.8,0,56.9,23.34,1,9.89,5.98,2020,5,76,5864,4455,99.44,102.25,71,15,604.246713852376
"129",520,105,2020-05-29,19.6,0,58.4,29.63,1,0.36,0.75,2020,5,76,5864,4455,99.44,102.25,59,14,2100
"130",521,105,2020-05-30,20.8,0,52.3,30.46,1,0.81,1.72,2020,5,76,5864,4455,99.44,102.25,56,12,2128.09405940594
"131",523,105,2020-06-01,23.8,0,44.6,29.54,1,0.33,0.68,2020,6,76,5864,4455,99.71,95.4,62,9,2059.4512195122
"132",524,105,2020-06-02,22,0,44,14.31,1,0.5,1.05,2020,6,76,5864,4455,99.71,95.4,69,8,2129.29292929293
"133",525,105,2020-06-03,25.1,0,54.8,27.94,1,0.39,0.84,2020,6,76,5864,4455,99.71,95.4,68,8,2128.49872773537
"134",526,105,2020-06-04,27.6,0,47.5,27.44,1,0.7,1.08,2020,6,76,5864,4455,99.71,95.4,70,7,1534.8506401138
"135",527,105,2020-06-05,20,0,78,13.52,1,1.32,1.86,2020,6,76,5864,4455,99.71,95.4,69,6,1411.36363636364
"136",528,105,2020-06-06,19.8,0,75.8,26.61,1,1.01,1.51,2020,6,76,5864,4455,99.71,95.4,58,5,1493.06930693069
"137",530,105,2020-06-08,28.5,0,52.8,27.5,1,0.21,0.3,2020,6,76,5864,4455,99.71,95.4,71,4,1451.21951219512
"138",531,105,2020-06-09,29.5,0,53.6,26.47,1,0.15,0.27,2020,6,76,5864,4455,99.71,95.4,66,3,1800
"139",532,105,2020-06-10,26.9,3.4,64.1,21.85,1,0.82,1.06,2020,6,76,5864,4455,99.71,95.4,74,3,1287.80487804878
"140",533,105,2020-06-11,26.3,0.6,66.1,28.27,1,0.91,1.28,2020,6,76,5864,4455,99.71,95.4,66,3,1410.43956043956
"141",534,105,2020-06-12,23.2,0,76.6,15.2,1,0.5,0.87,2020,6,76,5864,4455,99.71,95.4,68,3,1755.55555555555
"142",535,105,2020-06-13,27.4,0,55.8,28.29,1,0.58,1,2020,6,76,5864,4455,99.71,95.4,60,3,1742.60869565217
"143",537,105,2020-06-15,27.4,0,41.6,26.38,1,0.36,0.61,2020,6,76,5864,4455,99.71,95.4,62,3,1690.27777777778
"144",538,105,2020-06-16,24.8,0,48.5,28.42,1,2.92,1.73,2020,6,76,5864,4455,99.71,95.4,59,2,594.236706689537
"145",539,105,2020-06-16,24.8,0,48.5,28.42,1,0.26,0.46,2020,6,76,5864,4455,99.71,95.4,59,2,1800
"146",540,105,2020-06-17,27.1,0,51.6,27.68,1,0.24,0.43,2020,6,76,5864,4455,99.71,95.4,63,2,1800
"147",541,105,2020-06-18,22.9,0,71.4,12.47,1,3.71,3.32,2020,6,76,5864,4455,99.71,95.4,64,2,894.828979262052
"148",542,105,2020-06-19,19.1,0.3,90.5,5.24,1,0.27,0.46,2020,6,76,5864,4455,99.71,95.4,68,2,1737.7358490566
"149",543,105,2020-06-20,21.9,0,77,26.16,1,0.72,1.28,2020,6,76,5864,4455,99.71,95.4,68,2,1787.41258741259
"150",545,105,2020-06-22,26.6,0,59.1,28.44,1,1.52,0.82,2020,6,76,5864,4455,99.71,95.4,54,2,541.254125412541
"151",546,105,2020-06-22,26.6,0,59.1,28.44,1,0.37,0.66,2020,6,76,5864,4455,99.71,95.4,54,2,1779.72972972973
"152",547,105,2020-06-23,22.9,0,76.4,22.47,1,0.42,0.74,2020,6,76,5864,4455,99.71,95.4,58,1,1779.9043062201
"153",548,105,2020-06-23,22.9,0,76.4,22.47,1,0.15,0.09,2020,6,76,5864,4455,99.71,95.4,58,1,613.333333333333
"154",549,105,2020-06-24,21.2,13.8,88.8,5.07,1,6.62,5.18,2020,6,76,5864,4455,99.71,95.4,87,1,781.820927072324
"155",550,105,2020-06-24,21.2,13.8,88.8,5.07,1,0.18,0.11,2020,6,76,5864,4455,99.71,95.4,87,1,620
"156",551,105,2020-06-25,20.5,0,90.4,6.39,1,0.28,0.51,2020,6,76,5864,4455,99.71,95.4,98,19,1796.81978798587
"157",553,105,2020-06-27,26,0.1,61.4,16.75,1,4.1,4.44,2020,6,76,5864,4455,99.71,95.4,80,17,1084.18740849195
"158",555,105,2020-06-29,22.2,2.2,85.4,9.26,1,4.44,3.87,2020,6,76,5864,4455,99.71,95.4,83,15,871.820841773576
"159",556,105,2020-06-29,22.2,2.2,85.4,9.26,1,0.07,0.04,2020,6,76,5864,4455,99.71,95.4,83,15,520
"160",557,105,2020-06-30,18.7,250,97.8,2.41,1,0.47,0.8,2020,6,76,5864,4455,99.71,95.4,79,20,1717.94871794872
"161",558,105,2020-07-01,19.5,6.7,83.8,13.65,1,3.62,3.18,2020,7,76,5864,4455,99.63,88.5,89,19,877.624309392265
"162",559,105,2020-07-02,24.3,0,62.5,29.31,1,3.37,2.66,2020,7,76,5864,4455,99.63,88.5,76,17,789.450222882615
"163",560,105,2020-07-03,22.1,0,77.1,21.24,1,0.5,0.82,2020,7,76,5864,4455,99.63,88.5,60,14,1638.55421686747
"164",561,105,2020-07-04,21.8,0.5,73.3,26.75,1,4.15,3.77,2020,7,76,5864,4455,99.63,88.5,56,12,909.40892641737
"165",562,105,2020-07-04,21.8,0.5,73.3,26.75,1,0.09,0.12,2020,7,76,5864,4455,99.63,88.5,56,12,1333.33333333333
"166",564,105,2020-07-06,24.5,0,74.3,24.07,1,0.23,0.38,2020,7,76,5864,4455,99.63,88.5,72,9,1651.31578947368
"167",565,105,2020-07-07,24.7,0,76.3,22.54,1,0.25,0.4,2020,7,76,5864,4455,99.63,88.5,78,8,1620
"168",566,105,2020-07-07,24.7,0,76.3,22.54,1,0.12,0.2,2020,7,76,5864,4455,99.63,88.5,78,8,1666.66666666667
"169",567,105,2020-07-08,24,0.4,76.1,23.55,1,0.4,0.66,2020,7,76,5864,4455,99.63,88.5,72,7,1641.43920595533
"170",568,105,2020-07-09,22.8,0,85.6,9.21,1,0.09,0.16,2020,7,76,5864,4455,99.63,88.5,69,6,1725.8064516129
"171",569,105,2020-07-10,22,22.5,94.5,5.07,1,0.07,0.12,2020,7,76,5864,4455,99.63,88.5,85,5,1671.42857142857
"172",570,105,2020-07-11,20,8.2,92.4,5.1,1,0.56,0.91,2020,7,76,5864,4455,99.63,88.5,68,8,1625.22202486678
"173",571,105,2020-07-11,20,8.2,92.4,5.1,1,0.06,0.06,2020,7,76,5864,4455,99.63,88.5,68,8,1000
"174",573,105,2020-07-13,18.5,49,96.4,3.73,1,0.19,0.34,2020,7,76,5864,4455,99.63,88.5,82,17,1800
"175",574,105,2020-07-14,18.3,42.2,95.5,6.54,1,0.09,0.09,2020,7,76,5864,4455,99.63,88.5,82,19,1000
"176",575,105,2020-07-15,19.1,0,83.9,12.29,1,0.34,0.58,2020,7,76,5864,4455,99.63,88.5,77,17,1732.83582089552
"177",576,105,2020-07-16,21.2,0,76.3,28.54,1,0.14,0.25,2020,7,76,5864,4455,99.63,88.5,84,15,1793.47826086957
"178",577,105,2020-07-16,21.2,0,76.3,28.54,1,0.11,0.09,2020,7,76,5864,4455,99.63,88.5,84,15,866.666666666667
"179",578,105,2020-07-17,22.3,0,76.4,28.39,1,0.29,0.51,2020,7,76,5864,4455,99.63,88.5,83,13,1770.83333333333
"180",579,105,2020-07-18,21.6,0,80.3,21.52,1,0.62,1.11,2020,7,76,5864,4455,99.63,88.5,78,11,1800
"181",581,105,2020-07-20,28,0,67.5,6.75,1,0.25,0.42,2020,7,76,5864,4455,99.63,88.5,95,18,1675.40322580645
"182",582,105,2020-07-21,27.1,0,64.1,26.8,1,0.09,0.16,2020,7,76,5864,4455,99.63,88.5,76,17,1800
"183",584,105,2020-07-23,21.6,30.1,91.9,5.89,1,0.28,0.5,2020,7,76,5864,4455,99.63,88.5,94,19,1796.76258992806
"184",585,105,2020-07-24,20.5,121.8,98.8,3.31,1,0.27,0.47,2020,7,76,5864,4455,99.63,88.5,80,22,1771.69811320755
"185",586,105,2020-07-25,20.9,54.5,99.8,3.18,1,0.33,0.6,2020,7,76,5864,4455,99.63,88.5,76,19,1797.2972972973
"186",588,105,2020-07-27,20.8,1.5,96.4,3.58,1,0.31,0.55,2020,7,76,5864,4455,99.63,88.5,99,17,1772.72727272727
"187",589,105,2020-07-28,21.3,3.9,96.4,4.63,1,0.16,0.28,2020,7,76,5864,4455,99.63,88.5,93,19,1794.30379746835
"188",590,105,2020-07-29,21.8,19.4,94.6,5.57,1,0.23,0.41,2020,7,76,5864,4455,99.63,88.5,99,24,1796.05263157895
"189",591,105,2020-07-30,22.9,9.7,90.4,9.27,1,0.21,0.38,2020,7,76,5864,4455,99.63,88.5,90,20,1800
"190",592,105,2020-07-30,22.9,9.7,90.4,9.27,1,0.05,0.03,2020,7,76,5864,4455,99.63,88.5,90,20,700
"191",593,105,2020-07-31,29.4,0,60,24.89,1,0.14,0.25,2020,7,76,5864,4455,99.63,88.5,87,18,1793.47826086957
"192",594,105,2020-08-01,27.7,0.8,74.6,9.24,1,0.56,1.01,2020,8,76,5864,4455,100.19,91.3,99,20,1800
"193",596,105,2020-08-03,27.2,10.3,70.9,1.96,1,0.11,0.19,2020,8,76,5864,4455,100.19,91.3,99,38,1800
"194",597,105,2020-08-04,25.6,4.7,83.5,6.04,1,0.14,0.25,2020,8,76,5864,4455,100.19,91.3,99,26,1793.47826086957
"195",598,105,2020-08-05,22.7,7.9,94.9,2.73,1,0.28,0.5,2020,8,76,5864,4455,100.19,91.3,99,27,1800
"196",599,105,2020-08-06,24.1,5.8,88.5,4.21,1,0.27,0.49,2020,8,76,5864,4455,100.19,91.3,97,27,1796.7032967033
"197",600,105,2020-08-07,25.7,0.3,76.5,6.84,1,0.14,0.25,2020,8,76,5864,4455,100.19,91.3,96,23,1800
"198",601,105,2020-08-08,21.9,8.4,93.8,3.7,1,0.96,1.72,2020,8,76,5864,4455,100.19,91.3,84,21,1799.06054279749
"199",603,105,2020-08-10,25,9.5,91.5,7.4,1,0.24,0.43,2020,8,76,5864,4455,100.19,91.3,99,24,1800
"200",604,105,2020-08-11,25.6,17.5,82.8,8.42,1,0.15,0.27,2020,8,76,5864,4455,100.19,91.3,98,27,1800
"201",605,105,2020-08-12,30.4,0,63.6,21.54,1,0.12,0.22,2020,8,76,5864,4455,100.19,91.3,87,22,1800
"202",606,105,2020-08-13,31,0,63.4,21.92,1,4.36,4.59,2020,8,76,5864,4455,100.19,91.3,94,20,1052.6376146789
"203",607,105,2020-08-14,31.4,0.9,61.1,14.83,1,0.27,0.33,2020,8,76,5864,4455,100.19,91.3,94,19,1216.66666666667
"204",608,105,2020-08-15,27.9,37.9,78.3,2.68,1,4.56,5.13,2020,8,76,5864,4455,100.19,91.3,99,25,1124.56140350877
"205",610,105,2020-08-17,30.5,0,63.5,24.29,1,0.75,1.01,2020,8,76,5864,4455,100.19,91.3,89,20,1357.04697986577
"206",611,105,2020-08-18,31.2,0,60,25.1,1,0.21,0.37,2020,8,76,5864,4455,100.19,91.3,88,18,1800
"207",612,105,2020-08-19,31.6,0,51.3,25.34,1,0.24,0.33,2020,8,76,5864,4455,100.19,91.3,84,15,1362.5
"208",613,105,2020-08-20,26.8,3.7,75.5,18.59,1,0.48,0.73,2020,8,76,5864,4455,100.19,91.3,90,13,1526.31578947368
"209",614,105,2020-08-21,22.7,0.7,90.6,6.07,1,0.28,0.47,2020,8,76,5864,4455,100.19,91.3,94,11,1678.57142857143
"210",615,105,2020-08-22,23.1,11.3,91.6,4.3,1,0.48,0.83,2020,8,76,5864,4455,100.19,91.3,95,11,1742.1052631579
"211",618,105,2020-08-25,30.2,0,66.8,24.3,1,3.12,3.6,2020,8,76,5864,4455,100.19,91.3,82,15,1154.11727010574
"212",619,105,2020-08-26,26.4,0.1,86.3,8.26,1,0.15,0.27,2020,8,76,5864,4455,100.19,91.3,75,12,1793.91891891892
"213",620,105,2020-08-27,30.1,0,71,18.01,1,0.32,0.56,2020,8,76,5864,4455,100.19,91.3,81,10,1763.49206349206
"214",621,105,2020-08-28,29.4,0.4,75.3,20.25,1,1.7,0.97,2020,8,76,5864,4455,100.19,91.3,92,23,567.527891955373
"215",624,105,2020-08-31,23.2,0.4,86.8,3.95,1,0.27,0.49,2020,8,76,5864,4455,100.19,91.3,81,22,1800
"216",625,105,2020-09-01,25.1,0.2,81.6,21.31,1,0.14,0.24,2020,9,76,5864,4455,100.74,100.51,79,20,1800
"217",626,105,2020-09-02,23.9,154.4,96,1.78,1,0.15,0.25,2020,9,76,5864,4455,100.74,100.51,99,19,1748.27586206896
"218",627,105,2020-09-03,25.9,77,65.3,15.32,1,0.33,0.66,2020,9,76,5864,4455,100.74,100.51,87,28,2000
"219",628,105,2020-09-04,24.7,0,52.6,23.75,1,0.22,0.45,2020,9,76,5864,4455,100.74,100.51,72,22,1995.51569506726
"220",629,105,2020-09-05,21.6,0,72.6,5.5,1,0.55,1.11,2020,9,76,5864,4455,100.74,100.51,90,19,1998.19168173599
"221",631,105,2020-09-07,22.2,236.2,80.8,4.63,1,3.73,4.24,2020,9,76,5864,4455,100.74,100.51,97,26,1138.79194630873
"222",632,105,2020-09-08,25.4,0,51.6,16.67,1,0.2,0.39,2020,9,76,5864,4455,100.74,100.51,76,24,2000
"223",634,105,2020-09-10,23.3,0,66,18.99,1,5.02,7.48,2020,9,76,5864,4455,100.74,100.51,87,23,1490.13551215624
"224",635,105,2020-09-11,20.7,0.2,82.1,7.23,1,0.36,0.7,2020,9,76,5864,4455,100.74,100.51,82,21,1944.44444444445
"225",636,105,2020-09-12,18.8,52.5,94.4,3.27,1,6.18,7.74,2020,9,76,5864,4455,100.74,100.51,97,24,1252.34703787633
"226",638,105,2020-09-14,21,0,75.6,17.64,1,0.46,0.9,2020,9,76,5864,4455,100.74,100.51,89,21,1954.64362850972
"227",639,105,2020-09-15,21.7,0,78.1,19.49,1,0.55,1,2020,9,76,5864,4455,100.74,100.51,85,19,1824.81751824818
"228",640,105,2020-09-16,22.7,0.2,78,12.36,1,0.73,1.45,2020,9,76,5864,4455,100.74,100.51,98,20,1998.62637362637
"229",641,105,2020-09-17,21.8,0,65.4,2.36,1,0.45,0.85,2020,9,76,5864,4455,100.74,100.51,84,23,1897.77777777778
"230",642,105,2020-09-18,21.7,0,52,17.54,1,3.97,5.01,2020,9,76,5864,4455,100.74,100.51,80,22,1264.31273644388
"231",645,105,2020-09-21,17.8,0,67.5,18.16,1,1.11,2.19,2020,9,76,5864,4455,100.74,100.51,79,15,1963.16262353998
"232",646,105,2020-09-22,16.7,0,75.8,11.35,1,1.23,2.21,2020,9,76,5864,4455,100.74,100.51,73,13,1804.08163265306
"233",647,105,2020-09-23,17.2,2.7,82.9,7.69,1,0.69,1.11,2020,9,76,5864,4455,100.74,100.51,74,12,1620.43795620438
"234",648,105,2020-09-24,18.5,20.4,86.4,8.6,1,4.77,6.04,2020,9,76,5864,4455,100.74,100.51,78,11,1267.57607555089
"235",649,105,2020-09-25,18.6,8.7,85.5,7.7,1,0.66,1.15,2020,9,76,5864,4455,100.74,100.51,84,10,1742.42424242424
"236",650,105,2020-09-26,17.8,5.2,85.8,8.43,1,6.07,8.42,2020,9,76,5864,4455,100.74,100.51,81,10,1386.82042833608
"237",652,105,2020-09-28,17.9,0,74,20.04,1,1.61,2.91,2020,9,76,5864,4455,100.74,100.51,85,8,1813.08411214953
"238",659,105,2020-10-05,15.6,0,43.5,19.54,1,0.54,1.03,2020,10,76,5864,4455,100.18,107.03,60,5,1907.40740740741
"239",660,105,2020-10-06,13.7,0,59.3,19.14,1,0.87,1.45,2020,10,76,5864,4455,100.18,107.03,78,5,1676.30057803468
"240",661,105,2020-10-07,14.1,0,71.4,8.38,1,4.53,6.77,2020,10,76,5864,4455,100.18,107.03,67,5,1496.13259668508
"241",662,105,2020-10-08,15.4,0,69.6,18.03,1,0.28,0.54,2020,10,76,5864,4455,100.18,107.03,70,5,1928.57142857143
"242",664,105,2020-10-10,15.8,0,70.5,8.52,1,1.59,3.09,2020,10,76,5864,4455,100.18,107.03,74,4,1950.81967213115
"243",666,105,2020-10-12,16.7,0,71,12.02,1,0.33,0.61,2020,10,76,5864,4455,100.18,107.03,85,4,1876.92307692308
"244",667,105,2020-10-13,14.7,0,70.8,11.61,1,0.37,0.71,2020,10,76,5864,4455,100.18,107.03,84,4,1945.20547945205
"245",668,105,2020-10-14,14.2,0,61.3,11.09,1,0.96,1.91,2020,10,76,5864,4455,100.18,107.03,71,4,2000
"246",669,105,2020-10-15,12.3,0,59,14.09,1,0.41,0.79,2020,10,76,5864,4455,100.18,107.03,69,4,1924.93946731235
"247",670,105,2020-10-16,13.8,0,57.5,9.63,1,1.03,2.03,2020,10,76,5864,4455,100.18,107.03,93,4,1978.55750487329
"248",673,105,2020-10-19,14.9,0,64,15.26,1,1.04,1.87,2020,10,76,5864,4455,100.18,107.03,82,4,1808.88030888031
"249",674,105,2020-10-20,15.4,0,62.5,16.06,1,0.27,0.53,2020,10,76,5864,4455,100.18,107.03,78,4,1958.9552238806
"250",675,105,2020-10-21,15.6,0,54.3,6.65,1,1.11,2.22,2020,10,76,5864,4455,100.18,107.03,93,4,2000
"251",676,105,2020-10-22,17,0,51.5,9.99,1,0.26,0.49,2020,10,76,5864,4455,100.18,107.03,77,4,1921.56862745098
"252",677,105,2020-10-23,11.9,0,44.9,16.12,1,0.38,0.73,2020,10,76,5864,4455,100.18,107.03,60,4,1946.66666666667
"253",680,105,2020-10-26,14.3,0,49.4,15.09,1,1.5,2.94,2020,10,76,5864,4455,100.18,107.03,80,4,1963.87959866221
"254",681,105,2020-10-27,15.7,0,56.4,13.2,1,0.26,0.5,2020,10,76,5864,4455,100.18,107.03,82,4,1923.07692307692
"255",683,105,2020-10-29,11,0,50.5,14.72,1,0.41,0.77,2020,10,76,5864,4455,100.18,107.03,59,4,1899.50980392157
"256",684,105,2020-10-30,11.3,0,65.5,9.58,1,0.77,1.52,2020,10,76,5864,4455,100.18,107.03,61,4,1974.02597402597
"257",687,105,2020-11-02,13.1,0,40.8,13.77,1,0.72,1.37,2020,11,76,5864,4455,100.09,111.13,64,5,1902.77777777778
"258",688,105,2020-11-03,8,0,31.6,15,1,1.41,2.72,2020,11,76,5864,4455,100.09,111.13,41,5,1927.71084337349
"259",689,105,2020-11-04,8,0,26.9,14.55,1,0.43,0.79,2020,11,76,5864,4455,100.09,111.13,42,4,1857.47663551402
"260",690,105,2020-11-05,13.8,0,36.8,12.76,1,0.43,0.79,2020,11,76,5864,4455,100.09,111.13,62,4,1857.47663551402
"261",691,105,2020-11-06,17,0,37.6,9.09,1,0.65,1.23,2020,11,76,5864,4455,100.09,111.13,65,4,1891.27105666156
"262",694,105,2020-11-09,8.3,0,28.5,13.85,1,1.8,3.47,2020,11,76,5864,4455,100.09,111.13,44,4,1933.18485523385
"263",695,105,2020-11-10,8.1,0,43.8,13.14,1,0.45,0.86,2020,11,76,5864,4455,100.09,111.13,57,4,1887.41721854305
"264",696,105,2020-11-11,10.3,0,46.4,12.63,1,1.04,1.99,2020,11,76,5864,4455,100.09,111.13,61,4,1920.3667953668
"265",697,105,2020-11-12,15.2,0,33.1,12.88,1,0.62,1.19,2020,11,76,5864,4455,100.09,111.13,68,4,1943.08943089431
"266",698,105,2020-11-13,14.5,0,50.3,11.58,1,0.24,0.45,2020,11,76,5864,4455,100.09,111.13,71,4,1911.76470588235
"267",701,105,2020-11-16,14.8,0,61.8,9.54,1,1.62,3.08,2020,11,76,5864,4455,100.09,111.13,74,4,1901.23456790124
"268",702,105,2020-11-17,15.5,0,76.8,8.96,1,0.61,1.13,2020,11,76,5864,4455,100.09,111.13,82,4,1844.26229508197
"269",703,105,2020-11-18,19,0,70.4,4.73,1,0.59,1.08,2020,11,76,5864,4455,100.09,111.13,99,7,1842.68707482993
"270",704,105,2020-11-19,19.9,7.7,60.4,3.19,1,0.97,1.76,2020,11,76,5864,4455,100.09,111.13,90,28,1813.01652892562
"271",705,105,2020-11-20,8.2,0,58.1,11.98,1,0.52,0.97,2020,11,76,5864,4455,100.09,111.13,75,22,1862.93436293436
"272",708,105,2020-11-23,6.7,0,42.9,12.1,1,2.24,4.23,2020,11,76,5864,4455,100.09,111.13,73,22,1892.3145665773
"273",709,105,2020-11-24,6.5,0,49,5.61,1,0.69,1.35,2020,11,76,5864,4455,100.09,111.13,74,21,1966.56976744186
"274",710,105,2020-11-25,8.3,0,39,11.52,1,0.39,0.76,2020,11,76,5864,4455,100.09,111.13,81,20,1945.87628865979
"275",711,105,2020-11-26,7.7,0,58.6,10,1,0.98,2.04,2020,11,76,5864,4455,100.09,111.13,87,20,2083.33333333333
"276",712,105,2020-11-27,7.3,0,49.4,5.85,1,0.63,1.27,2020,11,76,5864,4455,100.09,111.13,75,20,2033.6
"277",715,105,2020-11-30,3.6,0,33,11.63,1,2.38,4.97,2020,11,76,5864,4455,100.09,111.13,62,14,2090.16393442623
"278",716,105,2020-12-01,3.3,0,39.8,10.99,1,1,2.16,2020,12,76,5864,4455,100.33,113.89,62,12,2154.53639082752
"279",717,105,2020-12-02,4.7,0,44.8,6.34,1,0.33,0.61,2020,12,76,5864,4455,100.33,113.89,57,15,1845.34534534535
"280",718,105,2020-12-03,5,0,29.6,11.41,1,1.26,2.65,2020,12,76,5864,4455,100.33,113.89,52,15,2105.89171974522
"281",719,105,2020-12-04,3.6,0,30.8,11.13,1,0.44,0.94,2020,12,76,5864,4455,100.33,113.89,58,12,2116.25282167043
"282",722,105,2020-12-07,6,0,42.4,6.68,1,1.18,2.46,2020,12,76,5864,4455,100.33,113.89,63,15,2087.71186440678
"283",723,105,2020-12-08,2.4,0,33.8,10.1,1,0.88,1.86,2020,12,76,5864,4455,100.33,113.89,57,12,2108.39954597049
"284",724,105,2020-12-09,5.5,0,29.3,10.18,1,0.63,1.39,2020,12,76,5864,4455,100.33,113.89,67,9,2200
"285",725,105,2020-12-10,8,0,50.8,8.53,1,0.45,0.93,2020,12,76,5864,4455,100.33,113.89,74,11,2044.15011037528
"286",726,105,2020-12-11,7.5,0,47.4,7.22,1,0.84,1.74,2020,12,76,5864,4455,100.33,113.89,84,14,2071.42857142857
"287",729,105,2020-12-14,-3.8,0,32.4,11.39,1,1.98,4.21,2020,12,76,5864,4455,100.33,113.89,52,13,2122.03731719617
"288",730,105,2020-12-15,-5.1,0,24.9,11.46,1,0.59,1.29,2020,12,76,5864,4455,100.33,113.89,44,11,2200
"289",731,105,2020-12-16,-4.1,0,21,11.42,1,0.54,1.13,2020,12,76,5864,4455,100.33,113.89,50,7,2089.31860036832
"290",732,105,2020-12-17,-0.9,0,27.3,11.2,1,1.01,2.14,2020,12,76,5864,4455,100.33,113.89,55,4,2114.51135241856
"291",733,105,2020-12-18,2.2,0,44.6,7.19,1,0.29,0.63,2020,12,76,5864,4455,100.33,113.89,53,5,2186.20689655172
"292",736,105,2020-12-21,2.8,0,34.1,10.9,1,0.89,1.89,2020,12,76,5864,4455,100.33,113.89,69,3,2132.20338983051
"293",737,105,2020-12-22,4.8,0,46.8,9.58,1,0.5,1.05,2020,12,76,5864,4455,100.33,113.89,85,4,2084.4930417495
"294",738,105,2020-12-23,7.9,0,49.4,7.6,1,0.68,1.46,2020,12,76,5864,4455,100.33,113.89,91,4,2145.58823529412
"295",739,105,2020-12-24,6.5,0,40.9,9.09,1,0.76,1.61,2020,12,76,5864,4455,100.33,113.89,62,5,2123.35092348285
"296",743,105,2020-12-28,8.7,0,58.8,9.46,1,3.37,7.29,2020,12,76,5864,4455,100.33,113.89,79,9,2163.79566379566
"297",744,105,2020-12-29,5.4,0,59,5.34,1,0.41,0.92,2020,12,76,5864,4455,100.33,113.89,91,14,2237.22627737226
"298",745,105,2020-12-30,-5.3,0,35,9.89,1,1.66,3.67,2020,12,76,5864,4455,100.33,113.89,47,10,2216.22436670688
"299",750,105,2021-01-04,1.1,0,33.1,9.77,1,1.31,2.87,2021,1,131,6484,8480,101.04,126.5,60,3,2186.117467582
"300",751,105,2021-01-05,-1.1,0,39.8,10.96,1,0.51,1.1,2021,1,131,6484,8480,101.04,126.5,62,4,2169.9604743083
"301",753,105,2021-01-07,-10.1,0,30,11.77,1,0.35,0.76,2021,1,131,6484,8480,101.04,126.5,51,4,2175.28735632184
"302",754,105,2021-01-08,-10.9,0,28,11.96,1,0.81,2.16,2021,1,131,6484,8480,101.04,126.5,54,3,2650.67650676507
"303",757,105,2021-01-11,-2.8,0,36.9,4.48,1,1.59,4.26,2021,1,131,6484,8480,101.04,126.5,80,3,2685.13853904282
"304",758,105,2021-01-12,0.3,0,42.6,10.87,1,0.43,1.16,2021,1,131,6484,8480,101.04,126.5,89,3,2717.28971962617
"305",759,105,2021-01-13,6.3,0,47.9,8.97,1,2.51,5.96,2021,1,131,6484,8480,101.04,126.5,92,4,2371.86629526462
"306",761,105,2021-01-15,6.6,0,56.9,8.38,1,0.69,1.83,2021,1,131,6484,8480,101.04,126.5,79,4,2659.88372093023
"307",764,105,2021-01-18,-1,0,47.4,7.37,1,1.9,5.04,2021,1,131,6484,8480,101.04,126.5,71,4,2653.31928345627
"308",765,105,2021-01-19,-3.9,0,45.1,12.03,1,0.73,1.97,2021,1,131,6484,8480,101.04,126.5,60,4,2687.58526603001
"309",766,105,2021-01-20,5.1,0,27.8,11.1,1,0.58,1.49,2021,1,131,6484,8480,101.04,126.5,72,4,2583.04498269896
"310",767,105,2021-01-21,9.7,0,53.4,6.18,1,0.38,0.95,2021,1,131,6484,8480,101.04,126.5,83,4,2490.86161879896
"311",768,105,2021-01-22,8,1.2,81.3,3.87,1,0.93,2.44,2021,1,131,6484,8480,101.04,126.5,99,6,2627.15517241379
"312",771,105,2021-01-25,6,0,78.1,11.24,1,1.62,4.3,2021,1,131,6484,8480,101.04,126.5,79,17,2659.65346534654
"313",772,105,2021-01-26,6.2,0.1,74.8,3.59,1,0.34,0.91,2021,1,131,6484,8480,101.04,126.5,96,19,2695.26627218935
"314",773,105,2021-01-27,4.7,0,45,11.82,1,0.94,2.47,2021,1,131,6484,8480,101.04,126.5,66,18,2613.99787910923
"315",774,105,2021-01-28,0.6,0.1,42.4,6.99,1,0.87,2.25,2021,1,131,6484,8480,101.04,126.5,60,16,2584.38576349024
"316",775,105,2021-01-29,-4.9,0,28.6,14.01,1,0.46,1.19,2021,1,131,6484,8480,101.04,126.5,41,10,2572.35421166307
"317",776,105,2021-01-30,1.6,0,47.1,8.89,1,0.72,1.93,2021,1,131,6484,8480,101.04,126.5,76,5,2694.9860724234
"318",778,105,2021-02-01,8.5,0,51,10.54,1,0.59,1.55,2021,2,131,6484,8480,101.58,143.66,78,7,2607.0826306914
"319",779,105,2021-02-02,-0.8,0,28.1,14.39,1,1.06,2.8,2021,2,131,6484,8480,101.58,143.66,39,6,2639.01979264845
"320",780,105,2021-02-03,-0.8,0,36.1,13.9,1,0.88,2.3,2021,2,131,6484,8480,101.58,143.66,55,4,2613.89521640091
"321",781,105,2021-02-04,1.7,0,33,14.65,1,0.35,0.92,2021,2,131,6484,8480,101.58,143.66,49,5,2635.05747126437
"322",782,105,2021-02-05,5.4,0,40.6,11.23,1,0.85,2.22,2021,2,131,6484,8480,101.58,143.66,72,5,2629.58579881657
"323",785,105,2021-02-08,0.4,0,38.3,14.89,1,2.64,6.98,2021,2,131,6484,8480,101.58,143.66,46,11,2639.42489595157
"324",786,105,2021-02-09,2.9,0,32.4,15.11,1,2.12,5.54,2021,2,131,6484,8480,101.58,143.66,53,5,2617.49408983451
"325",787,105,2021-02-10,6.3,0,46,14.65,1,1.86,4.89,2021,2,131,6484,8480,101.58,143.66,74,5,2627.41935483871
"326",793,105,2021-02-16,-1.9,0,36.6,12.3,1,0.35,0.97,2021,2,131,6484,8480,101.58,143.66,43,13,2800
"327",794,105,2021-02-17,-5.8,0,33,16.75,1,0.46,1.23,2021,2,131,6484,8480,101.58,143.66,40,7,2694.50549450549
"328",795,105,2021-02-18,-3,0,34.8,16.84,1,1.37,3.59,2021,2,131,6484,8480,101.58,143.66,46,4,2632.96703296703
"329",796,105,2021-02-19,6.2,0,35.8,17.77,1,0.41,1.14,2021,2,131,6484,8480,101.58,143.66,64,4,2812.34567901235
"330",799,105,2021-02-22,6,0,80.5,8.02,1,1.24,3.68,2021,2,131,6484,8480,101.58,143.66,58,16,2962.99275945294
"331",800,105,2021-02-23,3.3,0,55.5,17.15,1,0.45,1.33,2021,2,131,6484,8480,101.58,143.66,36,15,2957.77777777778
"332",801,105,2021-02-24,2.6,0,54,15.66,1,0.67,2,2021,2,131,6484,8480,101.58,143.66,38,13,2970.2823179792
"333",802,105,2021-02-25,4.6,0,66.4,5.97,1,0.25,0.72,2021,2,131,6484,8480,101.58,143.66,50,13,2951.02040816327
"334",803,105,2021-02-26,6.5,0,66.3,13.42,1,0.83,2.42,2021,2,131,6484,8480,101.58,143.66,50,12,2927.3607748184
"335",808,105,2021-03-03,4.2,0,65.3,18.57,1,0.73,2.13,2021,3,131,6484,8480,101.84,154.04,83,18,2942.06896551724
"336",809,105,2021-03-04,8.4,0,55.1,9.25,1,0.15,0.44,2021,3,131,6484,8480,101.84,154.04,83,18,2979.72972972973
"337",810,105,2021-03-05,11.7,0,50.8,19.37,1,1.01,3.02,2021,3,131,6484,8480,101.84,154.04,84,18,2977.29516288253
"338",813,105,2021-03-08,4.8,0,82.9,10.78,1,1.88,5.55,2021,3,131,6484,8480,101.84,154.04,67,15,2953.1416400426
"339",814,105,2021-03-09,10.2,0,53.3,16.81,1,0.79,2.36,2021,3,131,6484,8480,101.84,154.04,63,15,2969.73518284994
"340",815,105,2021-03-10,8.3,0,56,19.79,1,0.98,2.31,2021,3,131,6484,8480,101.84,154.04,65,14,2359.18367346939
"341",816,105,2021-03-11,13.5,0,38.9,18.37,1,0.29,0.85,2021,3,131,6484,8480,101.84,154.04,63,14,2964.91228070175
"342",817,105,2021-03-12,8.3,18.1,78.9,3.57,1,0.88,2.59,2021,3,131,6484,8480,101.84,154.04,69,13,2940.90909090909
"343",820,105,2021-03-15,13.6,0,50.9,13.8,1,1.8,5.31,2021,3,131,6484,8480,101.84,154.04,71,14,2952.77777777778
"344",821,105,2021-03-16,12.1,0,56.4,20.56,1,0.48,1.4,2021,3,131,6484,8480,101.84,154.04,52,13,2916.66666666667
"345",822,105,2021-03-17,8.9,0,58.9,19.86,1,0.76,2.24,2021,3,131,6484,8480,101.84,154.04,49,12,2947.43758212878
"346",823,105,2021-03-18,8.8,0,79.1,6.82,1,0.33,0.98,2021,3,131,6484,8480,101.84,154.04,56,12,2960.60606060606
"347",824,105,2021-03-19,9.8,0,75.4,9.13,1,1.07,3.14,2021,3,131,6484,8480,101.84,154.04,57,11,2947.41784037559
"348",827,105,2021-03-22,8.5,0,34,22.93,1,1.17,3.44,2021,3,131,6484,8480,101.84,154.04,45,13,2946.82675814751
"349",828,105,2021-03-23,13.1,0,27.6,21.1,1,0.81,2.39,2021,3,131,6484,8480,101.84,154.04,53,12,2955.55555555556
"350",829,105,2021-03-24,15,0,24.9,18.85,1,0.85,2.52,2021,3,131,6484,8480,101.84,154.04,57,11,2950.76201641266
"351",830,105,2021-03-25,16,0,36.5,20.73,1,0.26,0.76,2021,3,131,6484,8480,101.84,154.04,59,11,2960.78431372549
"352",831,105,2021-03-26,14.5,0,45,17.28,1,0.86,2.51,2021,3,131,6484,8480,101.84,154.04,52,10,2936.91588785047
"353",834,105,2021-03-29,14.9,0,36.3,21.8,1,6.15,9.72,2021,3,131,6484,8480,101.84,154.04,59,21,1580.39343196228
"354",835,105,2021-03-30,13,0,36.1,23.79,1,0.86,1.67,2021,3,131,6484,8480,101.84,154.04,50,19,1956.72514619883
"355",836,105,2021-03-31,13.2,0,54.6,22.92,1,0.48,0.96,2021,3,131,6484,8480,101.84,154.04,51,17,1989.58333333333
"356",837,105,2021-04-01,11.5,0,73.6,14.37,1,1.07,2.13,2021,4,131,6484,8480,101.98,129.01,44,16,1980.42870456664
"357",838,105,2021-04-02,12.8,0,70.3,19.59,1,0.36,0.72,2021,4,131,6484,8480,101.98,129.01,43,14,1969.69696969697
"358",841,105,2021-04-05,9.5,0,53.5,24.93,1,1.98,3.93,2021,4,131,6484,8480,101.98,129.01,54,20,1984.83316481294
"359",842,105,2021-04-06,15.3,0,39.3,19.89,1,1.07,2.08,2021,4,131,6484,8480,101.98,129.01,54,18,1955.86854460094
"360",843,105,2021-04-07,15.7,0,43,22.02,1,0.47,0.93,2021,4,131,6484,8480,101.98,129.01,53,17,1982.90598290598
"361",898,105,2021-06-01,19.6,0.1,80.6,12.25,1,0.09,0.07,2021,6,131,6484,8480,102.05,82.15,90,24,733.333333333333
"362",908,105,2021-06-11,24.9,0.6,63.6,23.33,1,1.4,0.84,2021,6,131,6484,8480,102.05,82.15,90,24,600
"363",918,105,2021-06-21,20.2,0,79.1,14.46,1,0.14,0.09,2021,6,131,6484,8480,102.05,82.15,81,8,660
"364",920,105,2021-06-23,19.2,0,79.1,13.86,1,0.21,0.15,2021,6,131,6484,8480,102.05,82.15,86,22,700
"365",921,105,2021-06-24,21.8,0,70.3,27.14,1,0.88,0.55,2021,6,131,6484,8480,102.05,82.15,77,21,626.136363636364
"366",937,105,2021-07-10,23.9,20.6,84.1,15.62,1,0.34,0.23,2021,7,131,6484,8480,102.26,82.15,93,28,675
"367",942,105,2021-07-15,27.8,0,81.4,15.61,1,0.22,0.15,2021,7,131,6484,8480,102.26,82.15,86,17,700
"368",944,105,2021-07-17,25.5,25.9,83,15.04,1,0.28,0.19,2021,7,131,6484,8480,102.26,82.15,83,18,690.714285714286
"369",993,105,2021-09-04,21.2,0.2,75.3,15.35,1,0.1,0.08,2021,9,131,6484,8480,103.17,87.8,72,17,815
"370",1005,105,2021-09-16,21,0.2,79.1,11.15,1,0.1,0.08,2021,9,131,6484,8480,103.17,87.8,72,9,815
"371",1021,105,2021-10-02,21.6,1.1,68.6,18.35,1,0.04,0.04,2021,10,131,6484,8480,103.35,87.06,87,19,1050
"372",1094,105,2021-12-14,6.1,0,49.8,10.82,1,0.36,0.36,2021,12,131,6484,8480,104.04,88.07,65,12,1000
